"land_cover_class","fraction","percent","id","land_cover_description","group"
28,74.6761306545231,100,"EHI01272","Natural Terrestrial Vegetated: Woody Open (40 to 65 %)","Natural Vegetation - Woody"
27,70.1946820309386,94,"EHI02760","Natural Terrestrial Vegetated: Woody Closed (greater than 65 %)","Natural Vegetation - Woody"
28,4.48144845303614,6,"EHI02760","Natural Terrestrial Vegetated: Woody Open (40 to 65 %)","Natural Vegetation - Woody"
34,60.7224491778725,81.31,"EHI01342","Natural Terrestrial Vegetated: Herbaceous Open (15 to 40 %)","Natural Vegetation - Herbaceous"
35,13.9536813842133,18.69,"EHI01342","Natural Terrestrial Vegetated: Herbaceous Sparse (4 to 15 %)","Natural Vegetation - Herbaceous"
10,2.05048739910126,2.81358706773071,"EHI02846","Cultivated Terrestrial Vegetated: Woody Open (40 to 65 %)","Cultivated Vegetation - Woody"
11,8.04450422525406,11.0190300798036,"EHI02846","Cultivated Terrestrial Vegetated: Woody Open (15 to 40 %)","Cultivated Vegetation - Woody"
12,6.8793000831356,9.42295887047268,"EHI02846","Cultivated Terrestrial Vegetated: Woody Sparse (4 to 15 %)","Cultivated Vegetation - Woody"
13,3,4.11295273173726,"EHI02846","Cultivated Terrestrial Vegetated: Woody Scattered (1 to 4 %)","Cultivated Vegetation - Woody"
14,2.04049907997251,2.79312461632904,"EHI02846","Cultivated Terrestrial Vegetated: Herbaceous Closed (greater than 65 %)","Cultivated Vegetation - Herbaceous"
15,14.4827604117745,19.8383466339267,"EHI02846","Cultivated Terrestrial Vegetated: Herbaceous Open (40 to 65 %)","Cultivated Vegetation - Herbaceous"
16,3.28105079010129,4.4915080826683,"EHI02846","Cultivated Terrestrial Vegetated: Herbaceous Open (15 to 40 %)","Cultivated Vegetation - Herbaceous"
17,5.55805389583111,7.61203192142419,"EHI02846","Cultivated Terrestrial Vegetated: Herbaceous Sparse (4 to 15 %)","Cultivated Vegetation - Herbaceous"
18,2,2.74196848782484,"EHI02846","Cultivated Terrestrial Vegetated: Herbaceous Scattered (1 to 4 %)","Cultivated Vegetation - Herbaceous"
20,1.61670815944672,2.20994475138122,"EHI02846","Natural Terrestrial Vegetated: Woody","Natural Vegetation - Woody"
21,2,2.74196848782484,"EHI02846","Natural Terrestrial Vegetated: Herbaceous","Natural Vegetation - Herbaceous"
22,5.63743543624878,7.72457540413342,"EHI02846","Natural Terrestrial Vegetated: Closed (greater than 65 %)","Other"
23,1.51144921779633,2.06670759156947,"EHI02846","Natural Terrestrial Vegetated: Open (40 to 65 %)","Other"
24,1.03564367070794,1.42214037241662,"EHI02846","Natural Terrestrial Vegetated: Open (15 to 40 %)","Other"
25,2.5901882648468,3.55023531819112,"EHI02846","Natural Terrestrial Vegetated: Sparse (4 to 15 %)","Natural Vegetation - Sparse"
26,0.338023841381073,0.460405156537753,"EHI02846","Natural Terrestrial Vegetated: Scattered (1 to 4 %)","Other"
27,3.9153329282999,5.36116226723962,"EHI02846","Natural Terrestrial Vegetated: Woody Closed (greater than 65 %)","Natural Vegetation - Woody"
28,4.01642578316387,5.50439942705136,"EHI02846","Natural Terrestrial Vegetated: Woody Open (40 to 65 %)","Natural Vegetation - Woody"
30,1,1.37098424391242,"EHI02846","Natural Terrestrial Vegetated: Woody Sparse (4 to 15 %)","Natural Vegetation - Woody"
31,1,1.37098424391242,"EHI02846","Natural Terrestrial Vegetated: Woody Scattered (1 to 4 %)","Natural Vegetation - Woody"
32,1,1.37098424391242,"EHI02846","Natural Terrestrial Vegetated: Herbaceous Closed (greater than 65 %)","Natural Vegetation - Herbaceous"
15,1.50528441369534,2.06946009630161,"EHI01253","Cultivated Terrestrial Vegetated: Herbaceous Open (40 to 65 %)","Cultivated Vegetation - Herbaceous"
16,3.61955237388611,4.96875320151624,"EHI01253","Cultivated Terrestrial Vegetated: Herbaceous Open (15 to 40 %)","Cultivated Vegetation - Herbaceous"
18,4.57807487249374,6.28009425263805,"EHI01253","Cultivated Terrestrial Vegetated: Herbaceous Scattered (1 to 4 %)","Cultivated Vegetation - Herbaceous"
20,0.00608230847865343,0.0102448519618892,"EHI01253","Natural Terrestrial Vegetated: Woody","Natural Vegetation - Woody"
21,2,2.74562032578629,"EHI01253","Natural Terrestrial Vegetated: Herbaceous","Natural Vegetation - Herbaceous"
22,4.73718053102493,6.49523614383772,"EHI01253","Natural Terrestrial Vegetated: Closed (greater than 65 %)","Other"
23,1.96863611415029,2.70464091793874,"EHI01253","Natural Terrestrial Vegetated: Open (40 to 65 %)","Other"
24,0.232481598854065,0.317590410818564,"EHI01253","Natural Terrestrial Vegetated: Open (15 to 40 %)","Other"
25,7,9.59942628829013,"EHI01253","Natural Terrestrial Vegetated: Sparse (4 to 15 %)","Natural Vegetation - Sparse"
26,4.31606709957123,5.92152443397193,"EHI01253","Natural Terrestrial Vegetated: Scattered (1 to 4 %)","Other"
27,9.06788019090891,12.4372502817334,"EHI01253","Natural Terrestrial Vegetated: Woody Closed (greater than 65 %)","Natural Vegetation - Woody"
28,30.8547425977886,42.331728306526,"EHI01253","Natural Terrestrial Vegetated: Woody Open (40 to 65 %)","Natural Vegetation - Woody"
29,3,4.11843048867944,"EHI01253","Natural Terrestrial Vegetated: Woody Open (15 to 40 %)","Natural Vegetation - Woody"
26,0.00013429815589916,0,"EHI02796","Natural Terrestrial Vegetated: Scattered (1 to 4 %)","Other"
27,74.6759962979704,100,"EHI02796","Natural Terrestrial Vegetated: Woody Closed (greater than 65 %)","Natural Vegetation - Woody"
28,74.6761306545231,100,"EHI01254","Natural Terrestrial Vegetated: Woody Open (40 to 65 %)","Natural Vegetation - Woody"
27,0.0525772720575333,0.07,"EHI02826","Natural Terrestrial Vegetated: Woody Closed (greater than 65 %)","Natural Vegetation - Woody"
28,72.4728785730549,97.05,"EHI02826","Natural Terrestrial Vegetated: Woody Open (40 to 65 %)","Natural Vegetation - Woody"
31,0.0280617419630289,0.04,"EHI02826","Natural Terrestrial Vegetated: Woody Scattered (1 to 4 %)","Natural Vegetation - Woody"
36,0.366907179355621,0.49,"EHI02826","Natural Terrestrial Vegetated: Herbaceous Scattered (1 to 4 %)","Natural Vegetation - Herbaceous"
42,0.6048544049263,0.81,"EHI02826","Cultivated Aquatic Vegetated: Open (15 to 40 %)","Other"
51,0.628865778446198,0.84,"EHI02826","Cultivated Aquatic Vegetated: Herbaceous Open (40 to 65 %)","Cultivated Vegetation - Herbaceous"
58,0.442298471927643,0.59,"EHI02826","Natural Aquatic Vegetated: Closed (greater than 65 %)","Other"
60,0.0796871110796928,0.11,"EHI02826","Natural Aquatic Vegetated: Open (15 to 40 %)","Other"
27,0.0525772720575333,0.07,"EHI02824","Natural Terrestrial Vegetated: Woody Closed (greater than 65 %)","Natural Vegetation - Woody"
28,72.4728785730549,97.05,"EHI02824","Natural Terrestrial Vegetated: Woody Open (40 to 65 %)","Natural Vegetation - Woody"
31,0.0280617419630289,0.04,"EHI02824","Natural Terrestrial Vegetated: Woody Scattered (1 to 4 %)","Natural Vegetation - Woody"
36,0.366907179355621,0.49,"EHI02824","Natural Terrestrial Vegetated: Herbaceous Scattered (1 to 4 %)","Natural Vegetation - Herbaceous"
42,0.6048544049263,0.81,"EHI02824","Cultivated Aquatic Vegetated: Open (15 to 40 %)","Other"
51,0.628865778446198,0.84,"EHI02824","Cultivated Aquatic Vegetated: Herbaceous Open (40 to 65 %)","Cultivated Vegetation - Herbaceous"
58,0.442298471927643,0.59,"EHI02824","Natural Aquatic Vegetated: Closed (greater than 65 %)","Other"
60,0.0796871110796928,0.11,"EHI02824","Natural Aquatic Vegetated: Open (15 to 40 %)","Other"
27,58.9010242028162,78.88,"EHI02823","Natural Terrestrial Vegetated: Woody Closed (greater than 65 %)","Natural Vegetation - Woody"
28,15.7751064393669,21.12,"EHI02823","Natural Terrestrial Vegetated: Woody Open (40 to 65 %)","Natural Vegetation - Woody"
27,74.6761306392518,100,"EHI02840","Natural Terrestrial Vegetated: Woody Closed (greater than 65 %)","Natural Vegetation - Woody"
15,1.50528441369534,2.06946009630161,"EHI01258","Cultivated Terrestrial Vegetated: Herbaceous Open (40 to 65 %)","Cultivated Vegetation - Herbaceous"
16,3.61955237388611,4.96875320151624,"EHI01258","Cultivated Terrestrial Vegetated: Herbaceous Open (15 to 40 %)","Cultivated Vegetation - Herbaceous"
18,4.57807487249374,6.28009425263805,"EHI01258","Cultivated Terrestrial Vegetated: Herbaceous Scattered (1 to 4 %)","Cultivated Vegetation - Herbaceous"
20,0.00608230847865343,0.0102448519618892,"EHI01258","Natural Terrestrial Vegetated: Woody","Natural Vegetation - Woody"
21,2,2.74562032578629,"EHI01258","Natural Terrestrial Vegetated: Herbaceous","Natural Vegetation - Herbaceous"
22,4.73718053102493,6.49523614383772,"EHI01258","Natural Terrestrial Vegetated: Closed (greater than 65 %)","Other"
23,1.96863611415029,2.70464091793874,"EHI01258","Natural Terrestrial Vegetated: Open (40 to 65 %)","Other"
24,0.232481598854065,0.317590410818564,"EHI01258","Natural Terrestrial Vegetated: Open (15 to 40 %)","Other"
25,7,9.59942628829013,"EHI01258","Natural Terrestrial Vegetated: Sparse (4 to 15 %)","Natural Vegetation - Sparse"
26,4.31606709957123,5.92152443397193,"EHI01258","Natural Terrestrial Vegetated: Scattered (1 to 4 %)","Other"
27,9.06788019090891,12.4372502817334,"EHI01258","Natural Terrestrial Vegetated: Woody Closed (greater than 65 %)","Natural Vegetation - Woody"
28,30.8547425977886,42.331728306526,"EHI01258","Natural Terrestrial Vegetated: Woody Open (40 to 65 %)","Natural Vegetation - Woody"
29,3,4.11843048867944,"EHI01258","Natural Terrestrial Vegetated: Woody Open (15 to 40 %)","Natural Vegetation - Woody"
26,0.00013429815589916,0,"EHI02773","Natural Terrestrial Vegetated: Scattered (1 to 4 %)","Other"
27,74.6759962979704,100,"EHI02773","Natural Terrestrial Vegetated: Woody Closed (greater than 65 %)","Natural Vegetation - Woody"
10,0.00411122525110841,0.0103551827689759,"EHI02817","Cultivated Terrestrial Vegetated: Woody Open (40 to 65 %)","Cultivated Vegetation - Woody"
12,0.574334740638733,0.797349073211142,"EHI02817","Cultivated Terrestrial Vegetated: Woody Sparse (4 to 15 %)","Cultivated Vegetation - Woody"
13,2.01098484080285,2.78554416485451,"EHI02817","Cultivated Terrestrial Vegetated: Woody Scattered (1 to 4 %)","Cultivated Vegetation - Woody"
14,5.00804179161787,6.94832763798281,"EHI02817","Cultivated Terrestrial Vegetated: Herbaceous Closed (greater than 65 %)","Cultivated Vegetation - Herbaceous"
15,10.4371953178197,14.4765455110283,"EHI02817","Cultivated Terrestrial Vegetated: Herbaceous Open (40 to 65 %)","Cultivated Vegetation - Herbaceous"
16,6.44489479064941,8.93652272962618,"EHI02817","Cultivated Terrestrial Vegetated: Herbaceous Open (15 to 40 %)","Cultivated Vegetation - Herbaceous"
18,4.20590493083,5.82996789893342,"EHI02817","Cultivated Terrestrial Vegetated: Herbaceous Scattered (1 to 4 %)","Cultivated Vegetation - Herbaceous"
21,3,4.1627834731283,"EHI02817","Natural Terrestrial Vegetated: Herbaceous","Natural Vegetation - Herbaceous"
22,1.21805367525667,1.68789479134307,"EHI02817","Natural Terrestrial Vegetated: Closed (greater than 65 %)","Other"
23,1.03052232600749,1.42901522211867,"EHI02817","Natural Terrestrial Vegetated: Open (40 to 65 %)","Other"
24,2.04047076404095,2.82696489593041,"EHI02817","Natural Terrestrial Vegetated: Open (15 to 40 %)","Other"
25,2.93800675868988,4.06958682820752,"EHI02817","Natural Terrestrial Vegetated: Sparse (4 to 15 %)","Natural Vegetation - Sparse"
26,4.03015097975731,5.59179869524697,"EHI02817","Natural Terrestrial Vegetated: Scattered (1 to 4 %)","Other"
27,28.1715398337692,39.059749404577,"EHI02817","Natural Terrestrial Vegetated: Woody Closed (greater than 65 %)","Natural Vegetation - Woody"
28,1,1.38759449104277,"EHI02817","Natural Terrestrial Vegetated: Woody Open (40 to 65 %)","Natural Vegetation - Woody"
27,0.0525772720575333,0.07,"EHI02772","Natural Terrestrial Vegetated: Woody Closed (greater than 65 %)","Natural Vegetation - Woody"
28,72.4728785730549,97.05,"EHI02772","Natural Terrestrial Vegetated: Woody Open (40 to 65 %)","Natural Vegetation - Woody"
31,0.0280617419630289,0.04,"EHI02772","Natural Terrestrial Vegetated: Woody Scattered (1 to 4 %)","Natural Vegetation - Woody"
36,0.366907179355621,0.49,"EHI02772","Natural Terrestrial Vegetated: Herbaceous Scattered (1 to 4 %)","Natural Vegetation - Herbaceous"
42,0.6048544049263,0.81,"EHI02772","Cultivated Aquatic Vegetated: Open (15 to 40 %)","Other"
51,0.628865778446198,0.84,"EHI02772","Cultivated Aquatic Vegetated: Herbaceous Open (40 to 65 %)","Cultivated Vegetation - Herbaceous"
58,0.442298471927643,0.59,"EHI02772","Natural Aquatic Vegetated: Closed (greater than 65 %)","Other"
60,0.0796871110796928,0.11,"EHI02772","Natural Aquatic Vegetated: Open (15 to 40 %)","Other"
10,0.00411122525110841,0.0103551827689759,"EHI02806","Cultivated Terrestrial Vegetated: Woody Open (40 to 65 %)","Cultivated Vegetation - Woody"
12,0.574334740638733,0.797349073211142,"EHI02806","Cultivated Terrestrial Vegetated: Woody Sparse (4 to 15 %)","Cultivated Vegetation - Woody"
13,2.01098484080285,2.78554416485451,"EHI02806","Cultivated Terrestrial Vegetated: Woody Scattered (1 to 4 %)","Cultivated Vegetation - Woody"
14,5.00804179161787,6.94832763798281,"EHI02806","Cultivated Terrestrial Vegetated: Herbaceous Closed (greater than 65 %)","Cultivated Vegetation - Herbaceous"
15,10.4371953178197,14.4765455110283,"EHI02806","Cultivated Terrestrial Vegetated: Herbaceous Open (40 to 65 %)","Cultivated Vegetation - Herbaceous"
16,6.44489479064941,8.93652272962618,"EHI02806","Cultivated Terrestrial Vegetated: Herbaceous Open (15 to 40 %)","Cultivated Vegetation - Herbaceous"
18,4.20590493083,5.82996789893342,"EHI02806","Cultivated Terrestrial Vegetated: Herbaceous Scattered (1 to 4 %)","Cultivated Vegetation - Herbaceous"
21,3,4.1627834731283,"EHI02806","Natural Terrestrial Vegetated: Herbaceous","Natural Vegetation - Herbaceous"
22,1.21805367525667,1.68789479134307,"EHI02806","Natural Terrestrial Vegetated: Closed (greater than 65 %)","Other"
23,1.03052232600749,1.42901522211867,"EHI02806","Natural Terrestrial Vegetated: Open (40 to 65 %)","Other"
24,2.04047076404095,2.82696489593041,"EHI02806","Natural Terrestrial Vegetated: Open (15 to 40 %)","Other"
25,2.93800675868988,4.06958682820752,"EHI02806","Natural Terrestrial Vegetated: Sparse (4 to 15 %)","Natural Vegetation - Sparse"
26,4.03015097975731,5.59179869524697,"EHI02806","Natural Terrestrial Vegetated: Scattered (1 to 4 %)","Other"
27,28.1715398337692,39.059749404577,"EHI02806","Natural Terrestrial Vegetated: Woody Closed (greater than 65 %)","Natural Vegetation - Woody"
28,1,1.38759449104277,"EHI02806","Natural Terrestrial Vegetated: Woody Open (40 to 65 %)","Natural Vegetation - Woody"
20,4,5.50760378133991,"EHI02831","Natural Terrestrial Vegetated: Woody","Natural Vegetation - Woody"
21,8,11.0049321824908,"EHI02831","Natural Terrestrial Vegetated: Herbaceous","Natural Vegetation - Herbaceous"
22,5,6.88450472667489,"EHI02831","Natural Terrestrial Vegetated: Closed (greater than 65 %)","Other"
23,7.97217606753111,10.9741060419235,"EHI02831","Natural Terrestrial Vegetated: Open (40 to 65 %)","Other"
24,6.01968423323706,8.281956432388,"EHI02831","Natural Terrestrial Vegetated: Open (15 to 40 %)","Other"
25,9.64314394816756,13.2655158240855,"EHI02831","Natural Terrestrial Vegetated: Sparse (4 to 15 %)","Natural Vegetation - Sparse"
26,6.49034002423286,8.92930538429922,"EHI02831","Natural Terrestrial Vegetated: Scattered (1 to 4 %)","Other"
27,19.2969374818495,26.5515824085491,"EHI02831","Natural Terrestrial Vegetated: Woody Closed (greater than 65 %)","Natural Vegetation - Woody"
28,5.49885560199618,7.56267981915331,"EHI02831","Natural Terrestrial Vegetated: Woody Open (40 to 65 %)","Natural Vegetation - Woody"
29,0.754993200302124,1.03781339909577,"EHI02831","Natural Terrestrial Vegetated: Woody Open (15 to 40 %)","Natural Vegetation - Woody"
17,43.7775415629148,60.9418858509201,"EHI01266","Cultivated Terrestrial Vegetated: Herbaceous Sparse (4 to 15 %)","Cultivated Vegetation - Herbaceous"
18,11.3132067620754,15.750077970683,"EHI01266","Cultivated Terrestrial Vegetated: Herbaceous Scattered (1 to 4 %)","Cultivated Vegetation - Herbaceous"
20,4.65322887897491,6.47676473645909,"EHI01266","Natural Terrestrial Vegetated: Woody","Natural Vegetation - Woody"
21,1,1.39307620334754,"EHI01266","Natural Terrestrial Vegetated: Herbaceous","Natural Vegetation - Herbaceous"
22,1,1.39307620334754,"EHI01266","Natural Terrestrial Vegetated: Closed (greater than 65 %)","Other"
23,4.42094773054123,6.1544859132966,"EHI01266","Natural Terrestrial Vegetated: Open (40 to 65 %)","Other"
24,0.839655578136444,1.16436219981287,"EHI01266","Natural Terrestrial Vegetated: Open (15 to 40 %)","Other"
26,1.98933345079422,2.76536022455557,"EHI01266","Natural Terrestrial Vegetated: Scattered (1 to 4 %)","Other"
28,0.843882918357849,1.17475829088263,"EHI01266","Natural Terrestrial Vegetated: Woody Open (40 to 65 %)","Natural Vegetation - Woody"
29,2,2.78615240669508,"EHI01266","Natural Terrestrial Vegetated: Woody Open (15 to 40 %)","Natural Vegetation - Woody"
15,1.50528441369534,2.06946009630161,"EHI01339","Cultivated Terrestrial Vegetated: Herbaceous Open (40 to 65 %)","Cultivated Vegetation - Herbaceous"
16,3.61955237388611,4.96875320151624,"EHI01339","Cultivated Terrestrial Vegetated: Herbaceous Open (15 to 40 %)","Cultivated Vegetation - Herbaceous"
18,4.57807487249374,6.28009425263805,"EHI01339","Cultivated Terrestrial Vegetated: Herbaceous Scattered (1 to 4 %)","Cultivated Vegetation - Herbaceous"
20,0.00608230847865343,0.0102448519618892,"EHI01339","Natural Terrestrial Vegetated: Woody","Natural Vegetation - Woody"
21,2,2.74562032578629,"EHI01339","Natural Terrestrial Vegetated: Herbaceous","Natural Vegetation - Herbaceous"
22,4.73718053102493,6.49523614383772,"EHI01339","Natural Terrestrial Vegetated: Closed (greater than 65 %)","Other"
23,1.96863611415029,2.70464091793874,"EHI01339","Natural Terrestrial Vegetated: Open (40 to 65 %)","Other"
24,0.232481598854065,0.317590410818564,"EHI01339","Natural Terrestrial Vegetated: Open (15 to 40 %)","Other"
25,7,9.59942628829013,"EHI01339","Natural Terrestrial Vegetated: Sparse (4 to 15 %)","Natural Vegetation - Sparse"
26,4.31606709957123,5.92152443397193,"EHI01339","Natural Terrestrial Vegetated: Scattered (1 to 4 %)","Other"
27,9.06788019090891,12.4372502817334,"EHI01339","Natural Terrestrial Vegetated: Woody Closed (greater than 65 %)","Natural Vegetation - Woody"
28,30.8547425977886,42.331728306526,"EHI01339","Natural Terrestrial Vegetated: Woody Open (40 to 65 %)","Natural Vegetation - Woody"
29,3,4.11843048867944,"EHI01339","Natural Terrestrial Vegetated: Woody Open (15 to 40 %)","Natural Vegetation - Woody"
26,0.00013429815589916,0,"EHI02801","Natural Terrestrial Vegetated: Scattered (1 to 4 %)","Other"
27,74.6759962979704,100,"EHI02801","Natural Terrestrial Vegetated: Woody Closed (greater than 65 %)","Natural Vegetation - Woody"
27,67.070395309478,89.82,"EHI02812","Natural Terrestrial Vegetated: Woody Closed (greater than 65 %)","Natural Vegetation - Woody"
28,7.6057354239133,10.18,"EHI02812","Natural Terrestrial Vegetated: Woody Open (40 to 65 %)","Natural Vegetation - Woody"
13,1.627665579319,2.27106990311491,"EHI02836","Cultivated Terrestrial Vegetated: Woody Scattered (1 to 4 %)","Cultivated Vegetation - Woody"
14,1.00842069461942,1.40639649963538,"EHI02836","Cultivated Terrestrial Vegetated: Herbaceous Closed (greater than 65 %)","Cultivated Vegetation - Herbaceous"
15,1.76298595074331,2.45858943639963,"EHI02836","Cultivated Terrestrial Vegetated: Herbaceous Open (40 to 65 %)","Cultivated Vegetation - Herbaceous"
16,3.53546148538589,4.9275966246484,"EHI02836","Cultivated Terrestrial Vegetated: Herbaceous Open (15 to 40 %)","Cultivated Vegetation - Herbaceous"
17,1,1.39597874778623,"EHI02836","Cultivated Terrestrial Vegetated: Herbaceous Sparse (4 to 15 %)","Cultivated Vegetation - Herbaceous"
18,1.93370172381401,2.6981977289301,"EHI02836","Cultivated Terrestrial Vegetated: Herbaceous Scattered (1 to 4 %)","Cultivated Vegetation - Herbaceous"
20,1.0069227530621,1.40639649963538,"EHI02836","Natural Terrestrial Vegetated: Woody","Natural Vegetation - Woody"
21,3.12861409783363,4.36503802479425,"EHI02836","Natural Terrestrial Vegetated: Herbaceous","Natural Vegetation - Herbaceous"
22,2.18646821379662,3.05240129180123,"EHI02836","Natural Terrestrial Vegetated: Closed (greater than 65 %)","Other"
24,0.128049418330193,0.177101781435566,"EHI02836","Natural Terrestrial Vegetated: Open (15 to 40 %)","Other"
25,4.86600321531296,6.79237420564642,"EHI02836","Natural Terrestrial Vegetated: Sparse (4 to 15 %)","Natural Vegetation - Sparse"
26,1.91375577449799,2.66694447338264,"EHI02836","Natural Terrestrial Vegetated: Scattered (1 to 4 %)","Other"
27,2.60144329071045,3.62537764350453,"EHI02836","Natural Terrestrial Vegetated: Woody Closed (greater than 65 %)","Natural Vegetation - Woody"
28,4.82870526355691,6.74028544640067,"EHI02836","Natural Terrestrial Vegetated: Woody Open (40 to 65 %)","Natural Vegetation - Woody"
29,4.43388437852263,6.18814459839567,"EHI02836","Natural Terrestrial Vegetated: Woody Open (15 to 40 %)","Natural Vegetation - Woody"
30,9.4645924270153,13.1992915928743,"EHI02836","Natural Terrestrial Vegetated: Woody Sparse (4 to 15 %)","Natural Vegetation - Woody"
31,6.88238126039505,9.60516720491718,"EHI02836","Natural Terrestrial Vegetated: Woody Scattered (1 to 4 %)","Natural Vegetation - Woody"
32,7,9.76143348265444,"EHI02836","Natural Terrestrial Vegetated: Herbaceous Closed (greater than 65 %)","Natural Vegetation - Herbaceous"
33,6.82233321666718,9.52182519012397,"EHI02836","Natural Terrestrial Vegetated: Herbaceous Open (40 to 65 %)","Natural Vegetation - Herbaceous"
34,3.54474180936813,4.9484321283467,"EHI02836","Natural Terrestrial Vegetated: Herbaceous Open (15 to 40 %)","Natural Vegetation - Herbaceous"
40,2,2.79195749557246,"EHI02836","Cultivated Aquatic Vegetated: Closed (greater than 65 %)","Other"
22,0.38618192076683,0.52,"EHI02082","Natural Terrestrial Vegetated: Closed (greater than 65 %)","Other"
23,0.0288485698401928,0.04,"EHI02082","Natural Terrestrial Vegetated: Open (40 to 65 %)","Other"
25,3.62512332201004,4.85,"EHI02082","Natural Terrestrial Vegetated: Sparse (4 to 15 %)","Natural Vegetation - Sparse"
26,3.50052237696946,4.69,"EHI02082","Natural Terrestrial Vegetated: Scattered (1 to 4 %)","Other"
27,3.70602390170097,4.96,"EHI02082","Natural Terrestrial Vegetated: Woody Closed (greater than 65 %)","Natural Vegetation - Woody"
28,11.5959939211607,15.53,"EHI02082","Natural Terrestrial Vegetated: Woody Open (40 to 65 %)","Natural Vegetation - Woody"
29,7.22400356829166,9.67,"EHI02082","Natural Terrestrial Vegetated: Woody Open (15 to 40 %)","Natural Vegetation - Woody"
30,11.8653604220599,15.89,"EHI02082","Natural Terrestrial Vegetated: Woody Sparse (4 to 15 %)","Natural Vegetation - Woody"
31,4.05730125546688,5.43,"EHI02082","Natural Terrestrial Vegetated: Woody Scattered (1 to 4 %)","Natural Vegetation - Woody"
32,11.4890442937613,15.39,"EHI02082","Natural Terrestrial Vegetated: Herbaceous Closed (greater than 65 %)","Natural Vegetation - Herbaceous"
33,10.2339697480202,13.7,"EHI02082","Natural Terrestrial Vegetated: Herbaceous Open (40 to 65 %)","Natural Vegetation - Herbaceous"
34,6.96375726722181,9.33,"EHI02082","Natural Terrestrial Vegetated: Herbaceous Open (15 to 40 %)","Natural Vegetation - Herbaceous"
28,13.9483490695711,20.7809544999444,"EHI02841","Natural Terrestrial Vegetated: Woody Open (40 to 65 %)","Natural Vegetation - Woody"
29,2.20215533673763,3.28178885304261,"EHI02841","Natural Terrestrial Vegetated: Woody Open (15 to 40 %)","Natural Vegetation - Woody"
30,1,1.49071086883969,"EHI02841","Natural Terrestrial Vegetated: Woody Sparse (4 to 15 %)","Natural Vegetation - Woody"
33,0.356618463993073,0.53398598286795,"EHI02841","Natural Terrestrial Vegetated: Herbaceous Open (40 to 65 %)","Natural Vegetation - Herbaceous"
35,1,1.49071086883969,"EHI02841","Natural Terrestrial Vegetated: Herbaceous Sparse (4 to 15 %)","Natural Vegetation - Herbaceous"
36,0.301862150430679,0.444988319056625,"EHI02841","Natural Terrestrial Vegetated: Herbaceous Scattered (1 to 4 %)","Natural Vegetation - Herbaceous"
43,0.065844789147377,0.100122371787741,"EHI02841","Cultivated Aquatic Vegetated: Sparse (4 to 15 %)","Other"
50,1,1.49071086883969,"EHI02841","Cultivated Aquatic Vegetated: Herbaceous Closed (greater than 65 %)","Cultivated Vegetation - Herbaceous"
63,0.82004314661026,1.22371787740572,"EHI02841","Natural Aquatic Vegetated: Woody Closed (greater than 65 %)","Natural Vegetation - Woody"
64,0.964338362216949,1.43508732895761,"EHI02841","Natural Aquatic Vegetated: Woody Closed (greater than 65 %) Water greater than 3 months (semi-) permenant","Natural Vegetation - Woody"
67,0.496497005224228,0.734230726443431,"EHI02841","Natural Aquatic Vegetated: Woody Open (40 to 65 %) Water greater than 3 months (semi-) permenant","Natural Vegetation - Woody"
69,1,1.49071086883969,"EHI02841","Natural Aquatic Vegetated: Woody Open (15 to 40 %)","Natural Vegetation - Woody"
70,1,1.49071086883969,"EHI02841","Natural Aquatic Vegetated: Woody Open (15 to 40 %) Water greater than 3 months (semi-) permenant","Natural Vegetation - Woody"
72,1.00462103774771,1.50183557681611,"EHI02841","Natural Aquatic Vegetated: Woody Sparse (4 to 15 %)","Natural Vegetation - Woody"
79,0.00744148204103112,0.0111247079764156,"EHI02841","Natural Aquatic Vegetated: Herbaceous Closed (greater than 65 %) Water greater than 3 months (semi-) permenant","Natural Vegetation - Herbaceous"
85,2,2.98142173767939,"EHI02841","Natural Aquatic Vegetated: Herbaceous Open (15 to 40 %) Water greater than 3 months (semi-) permenant","Natural Vegetation - Herbaceous"
89,3,4.47213260651908,"EHI02841","Natural Aquatic Vegetated: Herbaceous Sparse (4 to 15 %) Water less than 3 months (temporary or seasonal)","Natural Vegetation - Herbaceous"
97,2,2.98142173767939,"EHI02841","Natural Surface: Bare areas, unvegetated","Bare Surface"
100,9.57683634757996,14.2618756257648,"EHI02841","Water: Tidal area","Other"
101,25.3732889173552,37.8017577038603,"EHI02841","Water: Perennial (greater than 9 months)","Other"
27,3.00043939598254,4.02,"EHI02770","Natural Terrestrial Vegetated: Woody Closed (greater than 65 %)","Natural Vegetation - Woody"
28,71.6756911223529,95.98,"EHI02770","Natural Terrestrial Vegetated: Woody Open (40 to 65 %)","Natural Vegetation - Woody"
12,3.74916090071201,5.02050205020502,"EHI02792","Cultivated Terrestrial Vegetated: Woody Sparse (4 to 15 %)","Cultivated Vegetation - Woody"
13,7.26878142356873,9.73097309730973,"EHI02792","Cultivated Terrestrial Vegetated: Woody Scattered (1 to 4 %)","Cultivated Vegetation - Woody"
14,59.9550965055823,80.2980298029803,"EHI02792","Cultivated Terrestrial Vegetated: Herbaceous Closed (greater than 65 %)","Cultivated Vegetation - Herbaceous"
15,2.98971570609137,4.000400040004,"EHI02792","Cultivated Terrestrial Vegetated: Herbaceous Open (40 to 65 %)","Cultivated Vegetation - Herbaceous"
17,0.251187443733215,0.34003400340034,"EHI02792","Cultivated Terrestrial Vegetated: Herbaceous Sparse (4 to 15 %)","Cultivated Vegetation - Herbaceous"
18,0.0692534344270825,0.09000900090009,"EHI02792","Cultivated Terrestrial Vegetated: Herbaceous Scattered (1 to 4 %)","Cultivated Vegetation - Herbaceous"
20,0.279381841421127,0.37003700370037,"EHI02792","Natural Terrestrial Vegetated: Woody","Natural Vegetation - Woody"
21,0.113553367555141,0.15001500150015,"EHI02792","Natural Terrestrial Vegetated: Herbaceous","Natural Vegetation - Herbaceous"
34,60.7224491778725,81.31,"EHI01340","Natural Terrestrial Vegetated: Herbaceous Open (15 to 40 %)","Natural Vegetation - Herbaceous"
35,13.9536813842133,18.69,"EHI01340","Natural Terrestrial Vegetated: Herbaceous Sparse (4 to 15 %)","Natural Vegetation - Herbaceous"
17,43.7775415629148,60.9418858509201,"EHI01341","Cultivated Terrestrial Vegetated: Herbaceous Sparse (4 to 15 %)","Cultivated Vegetation - Herbaceous"
18,11.3132067620754,15.750077970683,"EHI01341","Cultivated Terrestrial Vegetated: Herbaceous Scattered (1 to 4 %)","Cultivated Vegetation - Herbaceous"
20,4.65322887897491,6.47676473645909,"EHI01341","Natural Terrestrial Vegetated: Woody","Natural Vegetation - Woody"
21,1,1.39307620334754,"EHI01341","Natural Terrestrial Vegetated: Herbaceous","Natural Vegetation - Herbaceous"
22,1,1.39307620334754,"EHI01341","Natural Terrestrial Vegetated: Closed (greater than 65 %)","Other"
23,4.42094773054123,6.1544859132966,"EHI01341","Natural Terrestrial Vegetated: Open (40 to 65 %)","Other"
24,0.839655578136444,1.16436219981287,"EHI01341","Natural Terrestrial Vegetated: Open (15 to 40 %)","Other"
26,1.98933345079422,2.76536022455557,"EHI01341","Natural Terrestrial Vegetated: Scattered (1 to 4 %)","Other"
28,0.843882918357849,1.17475829088263,"EHI01341","Natural Terrestrial Vegetated: Woody Open (40 to 65 %)","Natural Vegetation - Woody"
29,2,2.78615240669508,"EHI01341","Natural Terrestrial Vegetated: Woody Open (15 to 40 %)","Natural Vegetation - Woody"
22,0.38618192076683,0.52,"EHI02098","Natural Terrestrial Vegetated: Closed (greater than 65 %)","Other"
23,0.0288485698401928,0.04,"EHI02098","Natural Terrestrial Vegetated: Open (40 to 65 %)","Other"
25,3.62512332201004,4.85,"EHI02098","Natural Terrestrial Vegetated: Sparse (4 to 15 %)","Natural Vegetation - Sparse"
26,3.50052237696946,4.69,"EHI02098","Natural Terrestrial Vegetated: Scattered (1 to 4 %)","Other"
27,3.70602390170097,4.96,"EHI02098","Natural Terrestrial Vegetated: Woody Closed (greater than 65 %)","Natural Vegetation - Woody"
28,11.5959939211607,15.53,"EHI02098","Natural Terrestrial Vegetated: Woody Open (40 to 65 %)","Natural Vegetation - Woody"
29,7.22400356829166,9.67,"EHI02098","Natural Terrestrial Vegetated: Woody Open (15 to 40 %)","Natural Vegetation - Woody"
30,11.8653604220599,15.89,"EHI02098","Natural Terrestrial Vegetated: Woody Sparse (4 to 15 %)","Natural Vegetation - Woody"
31,4.05730125546688,5.43,"EHI02098","Natural Terrestrial Vegetated: Woody Scattered (1 to 4 %)","Natural Vegetation - Woody"
32,11.4890442937613,15.39,"EHI02098","Natural Terrestrial Vegetated: Herbaceous Closed (greater than 65 %)","Natural Vegetation - Herbaceous"
33,10.2339697480202,13.7,"EHI02098","Natural Terrestrial Vegetated: Herbaceous Open (40 to 65 %)","Natural Vegetation - Herbaceous"
34,6.96375726722181,9.33,"EHI02098","Natural Terrestrial Vegetated: Herbaceous Open (15 to 40 %)","Natural Vegetation - Herbaceous"
27,67.070395309478,89.82,"EHI02776","Natural Terrestrial Vegetated: Woody Closed (greater than 65 %)","Natural Vegetation - Woody"
28,7.6057354239133,10.18,"EHI02776","Natural Terrestrial Vegetated: Woody Open (40 to 65 %)","Natural Vegetation - Woody"
27,61.6914790878072,82.61,"EHI02769","Natural Terrestrial Vegetated: Woody Closed (greater than 65 %)","Natural Vegetation - Woody"
28,12.9846514314413,17.39,"EHI02769","Natural Terrestrial Vegetated: Woody Open (40 to 65 %)","Natural Vegetation - Woody"
22,0.38618192076683,0.52,"EHI01389","Natural Terrestrial Vegetated: Closed (greater than 65 %)","Other"
23,0.0288485698401928,0.04,"EHI01389","Natural Terrestrial Vegetated: Open (40 to 65 %)","Other"
25,3.62512332201004,4.85,"EHI01389","Natural Terrestrial Vegetated: Sparse (4 to 15 %)","Natural Vegetation - Sparse"
26,3.50052237696946,4.69,"EHI01389","Natural Terrestrial Vegetated: Scattered (1 to 4 %)","Other"
27,3.70602390170097,4.96,"EHI01389","Natural Terrestrial Vegetated: Woody Closed (greater than 65 %)","Natural Vegetation - Woody"
28,11.5959939211607,15.53,"EHI01389","Natural Terrestrial Vegetated: Woody Open (40 to 65 %)","Natural Vegetation - Woody"
29,7.22400356829166,9.67,"EHI01389","Natural Terrestrial Vegetated: Woody Open (15 to 40 %)","Natural Vegetation - Woody"
30,11.8653604220599,15.89,"EHI01389","Natural Terrestrial Vegetated: Woody Sparse (4 to 15 %)","Natural Vegetation - Woody"
31,4.05730125546688,5.43,"EHI01389","Natural Terrestrial Vegetated: Woody Scattered (1 to 4 %)","Natural Vegetation - Woody"
32,11.4890442937613,15.39,"EHI01389","Natural Terrestrial Vegetated: Herbaceous Closed (greater than 65 %)","Natural Vegetation - Herbaceous"
33,10.2339697480202,13.7,"EHI01389","Natural Terrestrial Vegetated: Herbaceous Open (40 to 65 %)","Natural Vegetation - Herbaceous"
34,6.96375726722181,9.33,"EHI01389","Natural Terrestrial Vegetated: Herbaceous Open (15 to 40 %)","Natural Vegetation - Herbaceous"
10,0.00411122525110841,0.0103551827689759,"EHI02767","Cultivated Terrestrial Vegetated: Woody Open (40 to 65 %)","Cultivated Vegetation - Woody"
12,0.574334740638733,0.797349073211142,"EHI02767","Cultivated Terrestrial Vegetated: Woody Sparse (4 to 15 %)","Cultivated Vegetation - Woody"
13,2.01098484080285,2.78554416485451,"EHI02767","Cultivated Terrestrial Vegetated: Woody Scattered (1 to 4 %)","Cultivated Vegetation - Woody"
14,5.00804179161787,6.94832763798281,"EHI02767","Cultivated Terrestrial Vegetated: Herbaceous Closed (greater than 65 %)","Cultivated Vegetation - Herbaceous"
15,10.4371953178197,14.4765455110283,"EHI02767","Cultivated Terrestrial Vegetated: Herbaceous Open (40 to 65 %)","Cultivated Vegetation - Herbaceous"
16,6.44489479064941,8.93652272962618,"EHI02767","Cultivated Terrestrial Vegetated: Herbaceous Open (15 to 40 %)","Cultivated Vegetation - Herbaceous"
18,4.20590493083,5.82996789893342,"EHI02767","Cultivated Terrestrial Vegetated: Herbaceous Scattered (1 to 4 %)","Cultivated Vegetation - Herbaceous"
21,3,4.1627834731283,"EHI02767","Natural Terrestrial Vegetated: Herbaceous","Natural Vegetation - Herbaceous"
22,1.21805367525667,1.68789479134307,"EHI02767","Natural Terrestrial Vegetated: Closed (greater than 65 %)","Other"
23,1.03052232600749,1.42901522211867,"EHI02767","Natural Terrestrial Vegetated: Open (40 to 65 %)","Other"
24,2.04047076404095,2.82696489593041,"EHI02767","Natural Terrestrial Vegetated: Open (15 to 40 %)","Other"
25,2.93800675868988,4.06958682820752,"EHI02767","Natural Terrestrial Vegetated: Sparse (4 to 15 %)","Natural Vegetation - Sparse"
26,4.03015097975731,5.59179869524697,"EHI02767","Natural Terrestrial Vegetated: Scattered (1 to 4 %)","Other"
27,28.1715398337692,39.059749404577,"EHI02767","Natural Terrestrial Vegetated: Woody Closed (greater than 65 %)","Natural Vegetation - Woody"
28,1,1.38759449104277,"EHI02767","Natural Terrestrial Vegetated: Woody Open (40 to 65 %)","Natural Vegetation - Woody"
15,1.12592838704586,1.51030206041208,"EHI02819","Cultivated Terrestrial Vegetated: Herbaceous Open (40 to 65 %)","Cultivated Vegetation - Herbaceous"
16,1,1.34026805361072,"EHI02819","Cultivated Terrestrial Vegetated: Herbaceous Open (15 to 40 %)","Cultivated Vegetation - Herbaceous"
17,0.381621718406677,0.510102020404081,"EHI02819","Cultivated Terrestrial Vegetated: Herbaceous Sparse (4 to 15 %)","Cultivated Vegetation - Herbaceous"
18,0.613272130489349,0.820164032806561,"EHI02819","Cultivated Terrestrial Vegetated: Herbaceous Scattered (1 to 4 %)","Cultivated Vegetation - Herbaceous"
20,1,1.34026805361072,"EHI02819","Natural Terrestrial Vegetated: Woody","Natural Vegetation - Woody"
21,1.42189085483551,1.9003800760152,"EHI02819","Natural Terrestrial Vegetated: Herbaceous","Natural Vegetation - Herbaceous"
22,6.93767994642258,9.29185837167434,"EHI02819","Natural Terrestrial Vegetated: Closed (greater than 65 %)","Other"
23,4.03378624841571,5.40108021604321,"EHI02819","Natural Terrestrial Vegetated: Open (40 to 65 %)","Other"
24,5.31794670363888,7.12142428485697,"EHI02819","Natural Terrestrial Vegetated: Open (15 to 40 %)","Other"
25,6,8.03160632126425,"EHI02819","Natural Terrestrial Vegetated: Sparse (4 to 15 %)","Natural Vegetation - Sparse"
26,8.47934025991708,11.3522704540908,"EHI02819","Natural Terrestrial Vegetated: Scattered (1 to 4 %)","Other"
27,38.3638833109289,51.380276055211,"EHI02819","Natural Terrestrial Vegetated: Woody Closed (greater than 65 %)","Natural Vegetation - Woody"
28,0.000781098904553801,0,"EHI02819","Natural Terrestrial Vegetated: Woody Open (40 to 65 %)","Natural Vegetation - Woody"
22,0.38618192076683,0.52,"EHI02064","Natural Terrestrial Vegetated: Closed (greater than 65 %)","Other"
23,0.0288485698401928,0.04,"EHI02064","Natural Terrestrial Vegetated: Open (40 to 65 %)","Other"
25,3.62512332201004,4.85,"EHI02064","Natural Terrestrial Vegetated: Sparse (4 to 15 %)","Natural Vegetation - Sparse"
26,3.50052237696946,4.69,"EHI02064","Natural Terrestrial Vegetated: Scattered (1 to 4 %)","Other"
27,3.70602390170097,4.96,"EHI02064","Natural Terrestrial Vegetated: Woody Closed (greater than 65 %)","Natural Vegetation - Woody"
28,11.5959939211607,15.53,"EHI02064","Natural Terrestrial Vegetated: Woody Open (40 to 65 %)","Natural Vegetation - Woody"
29,7.22400356829166,9.67,"EHI02064","Natural Terrestrial Vegetated: Woody Open (15 to 40 %)","Natural Vegetation - Woody"
30,11.8653604220599,15.89,"EHI02064","Natural Terrestrial Vegetated: Woody Sparse (4 to 15 %)","Natural Vegetation - Woody"
31,4.05730125546688,5.43,"EHI02064","Natural Terrestrial Vegetated: Woody Scattered (1 to 4 %)","Natural Vegetation - Woody"
32,11.4890442937613,15.39,"EHI02064","Natural Terrestrial Vegetated: Herbaceous Closed (greater than 65 %)","Natural Vegetation - Herbaceous"
33,10.2339697480202,13.7,"EHI02064","Natural Terrestrial Vegetated: Herbaceous Open (40 to 65 %)","Natural Vegetation - Herbaceous"
34,6.96375726722181,9.33,"EHI02064","Natural Terrestrial Vegetated: Herbaceous Open (15 to 40 %)","Natural Vegetation - Herbaceous"
27,74.6761305810651,100,"EHI02811","Natural Terrestrial Vegetated: Woody Closed (greater than 65 %)","Natural Vegetation - Woody"
28,74.6761306545231,100,"EHI01268","Natural Terrestrial Vegetated: Woody Open (40 to 65 %)","Natural Vegetation - Woody"
27,70.1946820309386,94,"EHI02804","Natural Terrestrial Vegetated: Woody Closed (greater than 65 %)","Natural Vegetation - Woody"
28,4.48144845303614,6,"EHI02804","Natural Terrestrial Vegetated: Woody Open (40 to 65 %)","Natural Vegetation - Woody"
27,74.6761306392518,100,"EHI02780","Natural Terrestrial Vegetated: Woody Closed (greater than 65 %)","Natural Vegetation - Woody"
27,74.6761306392518,100,"EHI02789","Natural Terrestrial Vegetated: Woody Closed (greater than 65 %)","Natural Vegetation - Woody"
15,1.12592838704586,1.51030206041208,"EHI02835","Cultivated Terrestrial Vegetated: Herbaceous Open (40 to 65 %)","Cultivated Vegetation - Herbaceous"
16,1,1.34026805361072,"EHI02835","Cultivated Terrestrial Vegetated: Herbaceous Open (15 to 40 %)","Cultivated Vegetation - Herbaceous"
17,0.381621718406677,0.510102020404081,"EHI02835","Cultivated Terrestrial Vegetated: Herbaceous Sparse (4 to 15 %)","Cultivated Vegetation - Herbaceous"
18,0.613272130489349,0.820164032806561,"EHI02835","Cultivated Terrestrial Vegetated: Herbaceous Scattered (1 to 4 %)","Cultivated Vegetation - Herbaceous"
20,1,1.34026805361072,"EHI02835","Natural Terrestrial Vegetated: Woody","Natural Vegetation - Woody"
21,1.42189085483551,1.9003800760152,"EHI02835","Natural Terrestrial Vegetated: Herbaceous","Natural Vegetation - Herbaceous"
22,6.93767994642258,9.29185837167434,"EHI02835","Natural Terrestrial Vegetated: Closed (greater than 65 %)","Other"
23,4.03378624841571,5.40108021604321,"EHI02835","Natural Terrestrial Vegetated: Open (40 to 65 %)","Other"
24,5.31794670363888,7.12142428485697,"EHI02835","Natural Terrestrial Vegetated: Open (15 to 40 %)","Other"
25,6,8.03160632126425,"EHI02835","Natural Terrestrial Vegetated: Sparse (4 to 15 %)","Natural Vegetation - Sparse"
26,8.47934025991708,11.3522704540908,"EHI02835","Natural Terrestrial Vegetated: Scattered (1 to 4 %)","Other"
27,38.3638833109289,51.380276055211,"EHI02835","Natural Terrestrial Vegetated: Woody Closed (greater than 65 %)","Natural Vegetation - Woody"
28,0.000781098904553801,0,"EHI02835","Natural Terrestrial Vegetated: Woody Open (40 to 65 %)","Natural Vegetation - Woody"
22,0.38618192076683,0.52,"EHI01343","Natural Terrestrial Vegetated: Closed (greater than 65 %)","Other"
23,0.0288485698401928,0.04,"EHI01343","Natural Terrestrial Vegetated: Open (40 to 65 %)","Other"
25,3.62512332201004,4.85,"EHI01343","Natural Terrestrial Vegetated: Sparse (4 to 15 %)","Natural Vegetation - Sparse"
26,3.50052237696946,4.69,"EHI01343","Natural Terrestrial Vegetated: Scattered (1 to 4 %)","Other"
27,3.70602390170097,4.96,"EHI01343","Natural Terrestrial Vegetated: Woody Closed (greater than 65 %)","Natural Vegetation - Woody"
28,11.5959939211607,15.53,"EHI01343","Natural Terrestrial Vegetated: Woody Open (40 to 65 %)","Natural Vegetation - Woody"
29,7.22400356829166,9.67,"EHI01343","Natural Terrestrial Vegetated: Woody Open (15 to 40 %)","Natural Vegetation - Woody"
30,11.8653604220599,15.89,"EHI01343","Natural Terrestrial Vegetated: Woody Sparse (4 to 15 %)","Natural Vegetation - Woody"
31,4.05730125546688,5.43,"EHI01343","Natural Terrestrial Vegetated: Woody Scattered (1 to 4 %)","Natural Vegetation - Woody"
32,11.4890442937613,15.39,"EHI01343","Natural Terrestrial Vegetated: Herbaceous Closed (greater than 65 %)","Natural Vegetation - Herbaceous"
33,10.2339697480202,13.7,"EHI01343","Natural Terrestrial Vegetated: Herbaceous Open (40 to 65 %)","Natural Vegetation - Herbaceous"
34,6.96375726722181,9.33,"EHI01343","Natural Terrestrial Vegetated: Herbaceous Open (15 to 40 %)","Natural Vegetation - Herbaceous"
15,3.30414286255836,4.53985209531635,"EHI02785","Cultivated Terrestrial Vegetated: Herbaceous Open (40 to 65 %)","Cultivated Vegetation - Herbaceous"
16,0.650659501552582,0.893590797041906,"EHI02785","Cultivated Terrestrial Vegetated: Herbaceous Open (15 to 40 %)","Cultivated Vegetation - Herbaceous"
17,2.87373650074005,3.9543960558751,"EHI02785","Cultivated Terrestrial Vegetated: Herbaceous Sparse (4 to 15 %)","Cultivated Vegetation - Herbaceous"
21,2.98532897233963,4.10846343467543,"EHI02785","Natural Terrestrial Vegetated: Herbaceous","Natural Vegetation - Herbaceous"
22,2.88754224777222,3.97493837304848,"EHI02785","Natural Terrestrial Vegetated: Closed (greater than 65 %)","Other"
23,4.04784172400832,5.56696795398521,"EHI02785","Natural Terrestrial Vegetated: Open (40 to 65 %)","Other"
24,7,9.6240755957272,"EHI02785","Natural Terrestrial Vegetated: Open (15 to 40 %)","Other"
25,5.72793686657678,7.87797863599014,"EHI02785","Natural Terrestrial Vegetated: Sparse (4 to 15 %)","Natural Vegetation - Sparse"
26,11,15.1294165981923,"EHI02785","Natural Terrestrial Vegetated: Scattered (1 to 4 %)","Other"
27,32.229447931808,44.3303204601479,"EHI02785","Natural Terrestrial Vegetated: Woody Closed (greater than 65 %)","Natural Vegetation - Woody"
34,60.7224491778725,81.31,"EHI01271","Natural Terrestrial Vegetated: Herbaceous Open (15 to 40 %)","Natural Vegetation - Herbaceous"
35,13.9536813842133,18.69,"EHI01271","Natural Terrestrial Vegetated: Herbaceous Sparse (4 to 15 %)","Natural Vegetation - Herbaceous"
28,13.9483490695711,20.7809544999444,"EHI02843","Natural Terrestrial Vegetated: Woody Open (40 to 65 %)","Natural Vegetation - Woody"
29,2.20215533673763,3.28178885304261,"EHI02843","Natural Terrestrial Vegetated: Woody Open (15 to 40 %)","Natural Vegetation - Woody"
30,1,1.49071086883969,"EHI02843","Natural Terrestrial Vegetated: Woody Sparse (4 to 15 %)","Natural Vegetation - Woody"
33,0.356618463993073,0.53398598286795,"EHI02843","Natural Terrestrial Vegetated: Herbaceous Open (40 to 65 %)","Natural Vegetation - Herbaceous"
35,1,1.49071086883969,"EHI02843","Natural Terrestrial Vegetated: Herbaceous Sparse (4 to 15 %)","Natural Vegetation - Herbaceous"
36,0.301862150430679,0.444988319056625,"EHI02843","Natural Terrestrial Vegetated: Herbaceous Scattered (1 to 4 %)","Natural Vegetation - Herbaceous"
43,0.065844789147377,0.100122371787741,"EHI02843","Cultivated Aquatic Vegetated: Sparse (4 to 15 %)","Other"
50,1,1.49071086883969,"EHI02843","Cultivated Aquatic Vegetated: Herbaceous Closed (greater than 65 %)","Cultivated Vegetation - Herbaceous"
63,0.82004314661026,1.22371787740572,"EHI02843","Natural Aquatic Vegetated: Woody Closed (greater than 65 %)","Natural Vegetation - Woody"
64,0.964338362216949,1.43508732895761,"EHI02843","Natural Aquatic Vegetated: Woody Closed (greater than 65 %) Water greater than 3 months (semi-) permenant","Natural Vegetation - Woody"
67,0.496497005224228,0.734230726443431,"EHI02843","Natural Aquatic Vegetated: Woody Open (40 to 65 %) Water greater than 3 months (semi-) permenant","Natural Vegetation - Woody"
69,1,1.49071086883969,"EHI02843","Natural Aquatic Vegetated: Woody Open (15 to 40 %)","Natural Vegetation - Woody"
70,1,1.49071086883969,"EHI02843","Natural Aquatic Vegetated: Woody Open (15 to 40 %) Water greater than 3 months (semi-) permenant","Natural Vegetation - Woody"
72,1.00462103774771,1.50183557681611,"EHI02843","Natural Aquatic Vegetated: Woody Sparse (4 to 15 %)","Natural Vegetation - Woody"
79,0.00744148204103112,0.0111247079764156,"EHI02843","Natural Aquatic Vegetated: Herbaceous Closed (greater than 65 %) Water greater than 3 months (semi-) permenant","Natural Vegetation - Herbaceous"
85,2,2.98142173767939,"EHI02843","Natural Aquatic Vegetated: Herbaceous Open (15 to 40 %) Water greater than 3 months (semi-) permenant","Natural Vegetation - Herbaceous"
89,3,4.47213260651908,"EHI02843","Natural Aquatic Vegetated: Herbaceous Sparse (4 to 15 %) Water less than 3 months (temporary or seasonal)","Natural Vegetation - Herbaceous"
97,2,2.98142173767939,"EHI02843","Natural Surface: Bare areas, unvegetated","Bare Surface"
100,9.57683634757996,14.2618756257648,"EHI02843","Water: Tidal area","Other"
101,25.3732889173552,37.8017577038603,"EHI02843","Water: Perennial (greater than 9 months)","Other"
20,4,5.50760378133991,"EHI02779","Natural Terrestrial Vegetated: Woody","Natural Vegetation - Woody"
21,8,11.0049321824908,"EHI02779","Natural Terrestrial Vegetated: Herbaceous","Natural Vegetation - Herbaceous"
22,5,6.88450472667489,"EHI02779","Natural Terrestrial Vegetated: Closed (greater than 65 %)","Other"
23,7.97217606753111,10.9741060419235,"EHI02779","Natural Terrestrial Vegetated: Open (40 to 65 %)","Other"
24,6.01968423323706,8.281956432388,"EHI02779","Natural Terrestrial Vegetated: Open (15 to 40 %)","Other"
25,9.64314394816756,13.2655158240855,"EHI02779","Natural Terrestrial Vegetated: Sparse (4 to 15 %)","Natural Vegetation - Sparse"
26,6.49034002423286,8.92930538429922,"EHI02779","Natural Terrestrial Vegetated: Scattered (1 to 4 %)","Other"
27,19.2969374818495,26.5515824085491,"EHI02779","Natural Terrestrial Vegetated: Woody Closed (greater than 65 %)","Natural Vegetation - Woody"
28,5.49885560199618,7.56267981915331,"EHI02779","Natural Terrestrial Vegetated: Woody Open (40 to 65 %)","Natural Vegetation - Woody"
29,0.754993200302124,1.03781339909577,"EHI02779","Natural Terrestrial Vegetated: Woody Open (15 to 40 %)","Natural Vegetation - Woody"
27,74.6761305810651,100,"EHI02822","Natural Terrestrial Vegetated: Woody Closed (greater than 65 %)","Natural Vegetation - Woody"
27,70.1946820309386,94,"EHI02797","Natural Terrestrial Vegetated: Woody Closed (greater than 65 %)","Natural Vegetation - Woody"
28,4.48144845303614,6,"EHI02797","Natural Terrestrial Vegetated: Woody Open (40 to 65 %)","Natural Vegetation - Woody"
22,0.38618192076683,0.52,"EHI02074","Natural Terrestrial Vegetated: Closed (greater than 65 %)","Other"
23,0.0288485698401928,0.04,"EHI02074","Natural Terrestrial Vegetated: Open (40 to 65 %)","Other"
25,3.62512332201004,4.85,"EHI02074","Natural Terrestrial Vegetated: Sparse (4 to 15 %)","Natural Vegetation - Sparse"
26,3.50052237696946,4.69,"EHI02074","Natural Terrestrial Vegetated: Scattered (1 to 4 %)","Other"
27,3.70602390170097,4.96,"EHI02074","Natural Terrestrial Vegetated: Woody Closed (greater than 65 %)","Natural Vegetation - Woody"
28,11.5959939211607,15.53,"EHI02074","Natural Terrestrial Vegetated: Woody Open (40 to 65 %)","Natural Vegetation - Woody"
29,7.22400356829166,9.67,"EHI02074","Natural Terrestrial Vegetated: Woody Open (15 to 40 %)","Natural Vegetation - Woody"
30,11.8653604220599,15.89,"EHI02074","Natural Terrestrial Vegetated: Woody Sparse (4 to 15 %)","Natural Vegetation - Woody"
31,4.05730125546688,5.43,"EHI02074","Natural Terrestrial Vegetated: Woody Scattered (1 to 4 %)","Natural Vegetation - Woody"
32,11.4890442937613,15.39,"EHI02074","Natural Terrestrial Vegetated: Herbaceous Closed (greater than 65 %)","Natural Vegetation - Herbaceous"
33,10.2339697480202,13.7,"EHI02074","Natural Terrestrial Vegetated: Herbaceous Open (40 to 65 %)","Natural Vegetation - Herbaceous"
34,6.96375726722181,9.33,"EHI02074","Natural Terrestrial Vegetated: Herbaceous Open (15 to 40 %)","Natural Vegetation - Herbaceous"
27,70.7152334090497,94.7,"EHI02830","Natural Terrestrial Vegetated: Woody Closed (greater than 65 %)","Natural Vegetation - Woody"
28,2.13106954097748,2.85,"EHI02830","Natural Terrestrial Vegetated: Woody Open (40 to 65 %)","Natural Vegetation - Woody"
34,1,1.34,"EHI02830","Natural Terrestrial Vegetated: Herbaceous Open (15 to 40 %)","Natural Vegetation - Herbaceous"
42,0.828385472297668,1.11,"EHI02830","Cultivated Aquatic Vegetated: Open (15 to 40 %)","Other"
27,3.00043939598254,4.02,"EHI02784","Natural Terrestrial Vegetated: Woody Closed (greater than 65 %)","Natural Vegetation - Woody"
28,71.6756911223529,95.98,"EHI02784","Natural Terrestrial Vegetated: Woody Open (40 to 65 %)","Natural Vegetation - Woody"
20,4,5.50760378133991,"EHI02766","Natural Terrestrial Vegetated: Woody","Natural Vegetation - Woody"
21,8,11.0049321824908,"EHI02766","Natural Terrestrial Vegetated: Herbaceous","Natural Vegetation - Herbaceous"
22,5,6.88450472667489,"EHI02766","Natural Terrestrial Vegetated: Closed (greater than 65 %)","Other"
23,7.97217606753111,10.9741060419235,"EHI02766","Natural Terrestrial Vegetated: Open (40 to 65 %)","Other"
24,6.01968423323706,8.281956432388,"EHI02766","Natural Terrestrial Vegetated: Open (15 to 40 %)","Other"
25,9.64314394816756,13.2655158240855,"EHI02766","Natural Terrestrial Vegetated: Sparse (4 to 15 %)","Natural Vegetation - Sparse"
26,6.49034002423286,8.92930538429922,"EHI02766","Natural Terrestrial Vegetated: Scattered (1 to 4 %)","Other"
27,19.2969374818495,26.5515824085491,"EHI02766","Natural Terrestrial Vegetated: Woody Closed (greater than 65 %)","Natural Vegetation - Woody"
28,5.49885560199618,7.56267981915331,"EHI02766","Natural Terrestrial Vegetated: Woody Open (40 to 65 %)","Natural Vegetation - Woody"
29,0.754993200302124,1.03781339909577,"EHI02766","Natural Terrestrial Vegetated: Woody Open (15 to 40 %)","Natural Vegetation - Woody"
27,70.1946820309386,94,"EHI02771","Natural Terrestrial Vegetated: Woody Closed (greater than 65 %)","Natural Vegetation - Woody"
28,4.48144845303614,6,"EHI02771","Natural Terrestrial Vegetated: Woody Open (40 to 65 %)","Natural Vegetation - Woody"
27,61.6914790878072,82.61,"EHI02768","Natural Terrestrial Vegetated: Woody Closed (greater than 65 %)","Natural Vegetation - Woody"
28,12.9846514314413,17.39,"EHI02768","Natural Terrestrial Vegetated: Woody Open (40 to 65 %)","Natural Vegetation - Woody"
22,0.38618192076683,0.52,"EHI01270","Natural Terrestrial Vegetated: Closed (greater than 65 %)","Other"
23,0.0288485698401928,0.04,"EHI01270","Natural Terrestrial Vegetated: Open (40 to 65 %)","Other"
25,3.62512332201004,4.85,"EHI01270","Natural Terrestrial Vegetated: Sparse (4 to 15 %)","Natural Vegetation - Sparse"
26,3.50052237696946,4.69,"EHI01270","Natural Terrestrial Vegetated: Scattered (1 to 4 %)","Other"
27,3.70602390170097,4.96,"EHI01270","Natural Terrestrial Vegetated: Woody Closed (greater than 65 %)","Natural Vegetation - Woody"
28,11.5959939211607,15.53,"EHI01270","Natural Terrestrial Vegetated: Woody Open (40 to 65 %)","Natural Vegetation - Woody"
29,7.22400356829166,9.67,"EHI01270","Natural Terrestrial Vegetated: Woody Open (15 to 40 %)","Natural Vegetation - Woody"
30,11.8653604220599,15.89,"EHI01270","Natural Terrestrial Vegetated: Woody Sparse (4 to 15 %)","Natural Vegetation - Woody"
31,4.05730125546688,5.43,"EHI01270","Natural Terrestrial Vegetated: Woody Scattered (1 to 4 %)","Natural Vegetation - Woody"
32,11.4890442937613,15.39,"EHI01270","Natural Terrestrial Vegetated: Herbaceous Closed (greater than 65 %)","Natural Vegetation - Herbaceous"
33,10.2339697480202,13.7,"EHI01270","Natural Terrestrial Vegetated: Herbaceous Open (40 to 65 %)","Natural Vegetation - Herbaceous"
34,6.96375726722181,9.33,"EHI01270","Natural Terrestrial Vegetated: Herbaceous Open (15 to 40 %)","Natural Vegetation - Herbaceous"
10,2.05048739910126,2.81358706773071,"EHI02832","Cultivated Terrestrial Vegetated: Woody Open (40 to 65 %)","Cultivated Vegetation - Woody"
11,8.04450422525406,11.0190300798036,"EHI02832","Cultivated Terrestrial Vegetated: Woody Open (15 to 40 %)","Cultivated Vegetation - Woody"
12,6.8793000831356,9.42295887047268,"EHI02832","Cultivated Terrestrial Vegetated: Woody Sparse (4 to 15 %)","Cultivated Vegetation - Woody"
13,3,4.11295273173726,"EHI02832","Cultivated Terrestrial Vegetated: Woody Scattered (1 to 4 %)","Cultivated Vegetation - Woody"
14,2.04049907997251,2.79312461632904,"EHI02832","Cultivated Terrestrial Vegetated: Herbaceous Closed (greater than 65 %)","Cultivated Vegetation - Herbaceous"
15,14.4827604117745,19.8383466339267,"EHI02832","Cultivated Terrestrial Vegetated: Herbaceous Open (40 to 65 %)","Cultivated Vegetation - Herbaceous"
16,3.28105079010129,4.4915080826683,"EHI02832","Cultivated Terrestrial Vegetated: Herbaceous Open (15 to 40 %)","Cultivated Vegetation - Herbaceous"
17,5.55805389583111,7.61203192142419,"EHI02832","Cultivated Terrestrial Vegetated: Herbaceous Sparse (4 to 15 %)","Cultivated Vegetation - Herbaceous"
18,2,2.74196848782484,"EHI02832","Cultivated Terrestrial Vegetated: Herbaceous Scattered (1 to 4 %)","Cultivated Vegetation - Herbaceous"
20,1.61670815944672,2.20994475138122,"EHI02832","Natural Terrestrial Vegetated: Woody","Natural Vegetation - Woody"
21,2,2.74196848782484,"EHI02832","Natural Terrestrial Vegetated: Herbaceous","Natural Vegetation - Herbaceous"
22,5.63743543624878,7.72457540413342,"EHI02832","Natural Terrestrial Vegetated: Closed (greater than 65 %)","Other"
23,1.51144921779633,2.06670759156947,"EHI02832","Natural Terrestrial Vegetated: Open (40 to 65 %)","Other"
24,1.03564367070794,1.42214037241662,"EHI02832","Natural Terrestrial Vegetated: Open (15 to 40 %)","Other"
25,2.5901882648468,3.55023531819112,"EHI02832","Natural Terrestrial Vegetated: Sparse (4 to 15 %)","Natural Vegetation - Sparse"
26,0.338023841381073,0.460405156537753,"EHI02832","Natural Terrestrial Vegetated: Scattered (1 to 4 %)","Other"
27,3.9153329282999,5.36116226723962,"EHI02832","Natural Terrestrial Vegetated: Woody Closed (greater than 65 %)","Natural Vegetation - Woody"
28,4.01642578316387,5.50439942705136,"EHI02832","Natural Terrestrial Vegetated: Woody Open (40 to 65 %)","Natural Vegetation - Woody"
30,1,1.37098424391242,"EHI02832","Natural Terrestrial Vegetated: Woody Sparse (4 to 15 %)","Natural Vegetation - Woody"
31,1,1.37098424391242,"EHI02832","Natural Terrestrial Vegetated: Woody Scattered (1 to 4 %)","Natural Vegetation - Woody"
32,1,1.37098424391242,"EHI02832","Natural Terrestrial Vegetated: Herbaceous Closed (greater than 65 %)","Natural Vegetation - Herbaceous"
28,13.9483490695711,20.7809544999444,"EHI02844","Natural Terrestrial Vegetated: Woody Open (40 to 65 %)","Natural Vegetation - Woody"
29,2.20215533673763,3.28178885304261,"EHI02844","Natural Terrestrial Vegetated: Woody Open (15 to 40 %)","Natural Vegetation - Woody"
30,1,1.49071086883969,"EHI02844","Natural Terrestrial Vegetated: Woody Sparse (4 to 15 %)","Natural Vegetation - Woody"
33,0.356618463993073,0.53398598286795,"EHI02844","Natural Terrestrial Vegetated: Herbaceous Open (40 to 65 %)","Natural Vegetation - Herbaceous"
35,1,1.49071086883969,"EHI02844","Natural Terrestrial Vegetated: Herbaceous Sparse (4 to 15 %)","Natural Vegetation - Herbaceous"
36,0.301862150430679,0.444988319056625,"EHI02844","Natural Terrestrial Vegetated: Herbaceous Scattered (1 to 4 %)","Natural Vegetation - Herbaceous"
43,0.065844789147377,0.100122371787741,"EHI02844","Cultivated Aquatic Vegetated: Sparse (4 to 15 %)","Other"
50,1,1.49071086883969,"EHI02844","Cultivated Aquatic Vegetated: Herbaceous Closed (greater than 65 %)","Cultivated Vegetation - Herbaceous"
63,0.82004314661026,1.22371787740572,"EHI02844","Natural Aquatic Vegetated: Woody Closed (greater than 65 %)","Natural Vegetation - Woody"
64,0.964338362216949,1.43508732895761,"EHI02844","Natural Aquatic Vegetated: Woody Closed (greater than 65 %) Water greater than 3 months (semi-) permenant","Natural Vegetation - Woody"
67,0.496497005224228,0.734230726443431,"EHI02844","Natural Aquatic Vegetated: Woody Open (40 to 65 %) Water greater than 3 months (semi-) permenant","Natural Vegetation - Woody"
69,1,1.49071086883969,"EHI02844","Natural Aquatic Vegetated: Woody Open (15 to 40 %)","Natural Vegetation - Woody"
70,1,1.49071086883969,"EHI02844","Natural Aquatic Vegetated: Woody Open (15 to 40 %) Water greater than 3 months (semi-) permenant","Natural Vegetation - Woody"
72,1.00462103774771,1.50183557681611,"EHI02844","Natural Aquatic Vegetated: Woody Sparse (4 to 15 %)","Natural Vegetation - Woody"
79,0.00744148204103112,0.0111247079764156,"EHI02844","Natural Aquatic Vegetated: Herbaceous Closed (greater than 65 %) Water greater than 3 months (semi-) permenant","Natural Vegetation - Herbaceous"
85,2,2.98142173767939,"EHI02844","Natural Aquatic Vegetated: Herbaceous Open (15 to 40 %) Water greater than 3 months (semi-) permenant","Natural Vegetation - Herbaceous"
89,3,4.47213260651908,"EHI02844","Natural Aquatic Vegetated: Herbaceous Sparse (4 to 15 %) Water less than 3 months (temporary or seasonal)","Natural Vegetation - Herbaceous"
97,2,2.98142173767939,"EHI02844","Natural Surface: Bare areas, unvegetated","Bare Surface"
100,9.57683634757996,14.2618756257648,"EHI02844","Water: Tidal area","Other"
101,25.3732889173552,37.8017577038603,"EHI02844","Water: Perennial (greater than 9 months)","Other"
27,74.6691242793927,99.99,"EHI02829","Natural Terrestrial Vegetated: Woody Closed (greater than 65 %)","Natural Vegetation - Woody"
28,0.00700634112581611,0.01,"EHI02829","Natural Terrestrial Vegetated: Woody Open (40 to 65 %)","Natural Vegetation - Woody"
22,0.38618192076683,0.52,"EHI01264","Natural Terrestrial Vegetated: Closed (greater than 65 %)","Other"
23,0.0288485698401928,0.04,"EHI01264","Natural Terrestrial Vegetated: Open (40 to 65 %)","Other"
25,3.62512332201004,4.85,"EHI01264","Natural Terrestrial Vegetated: Sparse (4 to 15 %)","Natural Vegetation - Sparse"
26,3.50052237696946,4.69,"EHI01264","Natural Terrestrial Vegetated: Scattered (1 to 4 %)","Other"
27,3.70602390170097,4.96,"EHI01264","Natural Terrestrial Vegetated: Woody Closed (greater than 65 %)","Natural Vegetation - Woody"
28,11.5959939211607,15.53,"EHI01264","Natural Terrestrial Vegetated: Woody Open (40 to 65 %)","Natural Vegetation - Woody"
29,7.22400356829166,9.67,"EHI01264","Natural Terrestrial Vegetated: Woody Open (15 to 40 %)","Natural Vegetation - Woody"
30,11.8653604220599,15.89,"EHI01264","Natural Terrestrial Vegetated: Woody Sparse (4 to 15 %)","Natural Vegetation - Woody"
31,4.05730125546688,5.43,"EHI01264","Natural Terrestrial Vegetated: Woody Scattered (1 to 4 %)","Natural Vegetation - Woody"
32,11.4890442937613,15.39,"EHI01264","Natural Terrestrial Vegetated: Herbaceous Closed (greater than 65 %)","Natural Vegetation - Herbaceous"
33,10.2339697480202,13.7,"EHI01264","Natural Terrestrial Vegetated: Herbaceous Open (40 to 65 %)","Natural Vegetation - Herbaceous"
34,6.96375726722181,9.33,"EHI01264","Natural Terrestrial Vegetated: Herbaceous Open (15 to 40 %)","Natural Vegetation - Herbaceous"
26,0.00013429815589916,0,"EHI02837","Natural Terrestrial Vegetated: Scattered (1 to 4 %)","Other"
27,74.6759962979704,100,"EHI02837","Natural Terrestrial Vegetated: Woody Closed (greater than 65 %)","Natural Vegetation - Woody"
27,74.6761305810651,100,"EHI02774","Natural Terrestrial Vegetated: Woody Closed (greater than 65 %)","Natural Vegetation - Woody"
10,2.05048739910126,2.81358706773071,"EHI02845","Cultivated Terrestrial Vegetated: Woody Open (40 to 65 %)","Cultivated Vegetation - Woody"
11,8.04450422525406,11.0190300798036,"EHI02845","Cultivated Terrestrial Vegetated: Woody Open (15 to 40 %)","Cultivated Vegetation - Woody"
12,6.8793000831356,9.42295887047268,"EHI02845","Cultivated Terrestrial Vegetated: Woody Sparse (4 to 15 %)","Cultivated Vegetation - Woody"
13,3,4.11295273173726,"EHI02845","Cultivated Terrestrial Vegetated: Woody Scattered (1 to 4 %)","Cultivated Vegetation - Woody"
14,2.04049907997251,2.79312461632904,"EHI02845","Cultivated Terrestrial Vegetated: Herbaceous Closed (greater than 65 %)","Cultivated Vegetation - Herbaceous"
15,14.4827604117745,19.8383466339267,"EHI02845","Cultivated Terrestrial Vegetated: Herbaceous Open (40 to 65 %)","Cultivated Vegetation - Herbaceous"
16,3.28105079010129,4.4915080826683,"EHI02845","Cultivated Terrestrial Vegetated: Herbaceous Open (15 to 40 %)","Cultivated Vegetation - Herbaceous"
17,5.55805389583111,7.61203192142419,"EHI02845","Cultivated Terrestrial Vegetated: Herbaceous Sparse (4 to 15 %)","Cultivated Vegetation - Herbaceous"
18,2,2.74196848782484,"EHI02845","Cultivated Terrestrial Vegetated: Herbaceous Scattered (1 to 4 %)","Cultivated Vegetation - Herbaceous"
20,1.61670815944672,2.20994475138122,"EHI02845","Natural Terrestrial Vegetated: Woody","Natural Vegetation - Woody"
21,2,2.74196848782484,"EHI02845","Natural Terrestrial Vegetated: Herbaceous","Natural Vegetation - Herbaceous"
22,5.63743543624878,7.72457540413342,"EHI02845","Natural Terrestrial Vegetated: Closed (greater than 65 %)","Other"
23,1.51144921779633,2.06670759156947,"EHI02845","Natural Terrestrial Vegetated: Open (40 to 65 %)","Other"
24,1.03564367070794,1.42214037241662,"EHI02845","Natural Terrestrial Vegetated: Open (15 to 40 %)","Other"
25,2.5901882648468,3.55023531819112,"EHI02845","Natural Terrestrial Vegetated: Sparse (4 to 15 %)","Natural Vegetation - Sparse"
26,0.338023841381073,0.460405156537753,"EHI02845","Natural Terrestrial Vegetated: Scattered (1 to 4 %)","Other"
27,3.9153329282999,5.36116226723962,"EHI02845","Natural Terrestrial Vegetated: Woody Closed (greater than 65 %)","Natural Vegetation - Woody"
28,4.01642578316387,5.50439942705136,"EHI02845","Natural Terrestrial Vegetated: Woody Open (40 to 65 %)","Natural Vegetation - Woody"
30,1,1.37098424391242,"EHI02845","Natural Terrestrial Vegetated: Woody Sparse (4 to 15 %)","Natural Vegetation - Woody"
31,1,1.37098424391242,"EHI02845","Natural Terrestrial Vegetated: Woody Scattered (1 to 4 %)","Natural Vegetation - Woody"
32,1,1.37098424391242,"EHI02845","Natural Terrestrial Vegetated: Herbaceous Closed (greater than 65 %)","Natural Vegetation - Herbaceous"
27,74.6761305810651,100,"EHI02775","Natural Terrestrial Vegetated: Woody Closed (greater than 65 %)","Natural Vegetation - Woody"
15,1.50528441369534,2.06946009630161,"EHI01259","Cultivated Terrestrial Vegetated: Herbaceous Open (40 to 65 %)","Cultivated Vegetation - Herbaceous"
16,3.61955237388611,4.96875320151624,"EHI01259","Cultivated Terrestrial Vegetated: Herbaceous Open (15 to 40 %)","Cultivated Vegetation - Herbaceous"
18,4.57807487249374,6.28009425263805,"EHI01259","Cultivated Terrestrial Vegetated: Herbaceous Scattered (1 to 4 %)","Cultivated Vegetation - Herbaceous"
20,0.00608230847865343,0.0102448519618892,"EHI01259","Natural Terrestrial Vegetated: Woody","Natural Vegetation - Woody"
21,2,2.74562032578629,"EHI01259","Natural Terrestrial Vegetated: Herbaceous","Natural Vegetation - Herbaceous"
22,4.73718053102493,6.49523614383772,"EHI01259","Natural Terrestrial Vegetated: Closed (greater than 65 %)","Other"
23,1.96863611415029,2.70464091793874,"EHI01259","Natural Terrestrial Vegetated: Open (40 to 65 %)","Other"
24,0.232481598854065,0.317590410818564,"EHI01259","Natural Terrestrial Vegetated: Open (15 to 40 %)","Other"
25,7,9.59942628829013,"EHI01259","Natural Terrestrial Vegetated: Sparse (4 to 15 %)","Natural Vegetation - Sparse"
26,4.31606709957123,5.92152443397193,"EHI01259","Natural Terrestrial Vegetated: Scattered (1 to 4 %)","Other"
27,9.06788019090891,12.4372502817334,"EHI01259","Natural Terrestrial Vegetated: Woody Closed (greater than 65 %)","Natural Vegetation - Woody"
28,30.8547425977886,42.331728306526,"EHI01259","Natural Terrestrial Vegetated: Woody Open (40 to 65 %)","Natural Vegetation - Woody"
29,3,4.11843048867944,"EHI01259","Natural Terrestrial Vegetated: Woody Open (15 to 40 %)","Natural Vegetation - Woody"
34,60.7224491778725,81.31,"EHI01387","Natural Terrestrial Vegetated: Herbaceous Open (15 to 40 %)","Natural Vegetation - Herbaceous"
35,13.9536813842133,18.69,"EHI01387","Natural Terrestrial Vegetated: Herbaceous Sparse (4 to 15 %)","Natural Vegetation - Herbaceous"
28,74.6761306545231,100,"EHI01248","Natural Terrestrial Vegetated: Woody Open (40 to 65 %)","Natural Vegetation - Woody"
34,60.7224491778725,81.31,"EHI01257","Natural Terrestrial Vegetated: Herbaceous Open (15 to 40 %)","Natural Vegetation - Herbaceous"
35,13.9536813842133,18.69,"EHI01257","Natural Terrestrial Vegetated: Herbaceous Sparse (4 to 15 %)","Natural Vegetation - Herbaceous"
27,74.676130592823,100,"EHI02839","Natural Terrestrial Vegetated: Woody Closed (greater than 65 %)","Natural Vegetation - Woody"
34,60.7224491778725,81.31,"EHI01273","Natural Terrestrial Vegetated: Herbaceous Open (15 to 40 %)","Natural Vegetation - Herbaceous"
35,13.9536813842133,18.69,"EHI01273","Natural Terrestrial Vegetated: Herbaceous Sparse (4 to 15 %)","Natural Vegetation - Herbaceous"
15,1.12592838704586,1.51030206041208,"EHI02838","Cultivated Terrestrial Vegetated: Herbaceous Open (40 to 65 %)","Cultivated Vegetation - Herbaceous"
16,1,1.34026805361072,"EHI02838","Cultivated Terrestrial Vegetated: Herbaceous Open (15 to 40 %)","Cultivated Vegetation - Herbaceous"
17,0.381621718406677,0.510102020404081,"EHI02838","Cultivated Terrestrial Vegetated: Herbaceous Sparse (4 to 15 %)","Cultivated Vegetation - Herbaceous"
18,0.613272130489349,0.820164032806561,"EHI02838","Cultivated Terrestrial Vegetated: Herbaceous Scattered (1 to 4 %)","Cultivated Vegetation - Herbaceous"
20,1,1.34026805361072,"EHI02838","Natural Terrestrial Vegetated: Woody","Natural Vegetation - Woody"
21,1.42189085483551,1.9003800760152,"EHI02838","Natural Terrestrial Vegetated: Herbaceous","Natural Vegetation - Herbaceous"
22,6.93767994642258,9.29185837167434,"EHI02838","Natural Terrestrial Vegetated: Closed (greater than 65 %)","Other"
23,4.03378624841571,5.40108021604321,"EHI02838","Natural Terrestrial Vegetated: Open (40 to 65 %)","Other"
24,5.31794670363888,7.12142428485697,"EHI02838","Natural Terrestrial Vegetated: Open (15 to 40 %)","Other"
25,6,8.03160632126425,"EHI02838","Natural Terrestrial Vegetated: Sparse (4 to 15 %)","Natural Vegetation - Sparse"
26,8.47934025991708,11.3522704540908,"EHI02838","Natural Terrestrial Vegetated: Scattered (1 to 4 %)","Other"
27,38.3638833109289,51.380276055211,"EHI02838","Natural Terrestrial Vegetated: Woody Closed (greater than 65 %)","Natural Vegetation - Woody"
28,0.000781098904553801,0,"EHI02838","Natural Terrestrial Vegetated: Woody Open (40 to 65 %)","Natural Vegetation - Woody"
28,74.6761306545231,100,"EHI01265","Natural Terrestrial Vegetated: Woody Open (40 to 65 %)","Natural Vegetation - Woody"
22,0.38618192076683,0.52,"EHI01345","Natural Terrestrial Vegetated: Closed (greater than 65 %)","Other"
23,0.0288485698401928,0.04,"EHI01345","Natural Terrestrial Vegetated: Open (40 to 65 %)","Other"
25,3.62512332201004,4.85,"EHI01345","Natural Terrestrial Vegetated: Sparse (4 to 15 %)","Natural Vegetation - Sparse"
26,3.50052237696946,4.69,"EHI01345","Natural Terrestrial Vegetated: Scattered (1 to 4 %)","Other"
27,3.70602390170097,4.96,"EHI01345","Natural Terrestrial Vegetated: Woody Closed (greater than 65 %)","Natural Vegetation - Woody"
28,11.5959939211607,15.53,"EHI01345","Natural Terrestrial Vegetated: Woody Open (40 to 65 %)","Natural Vegetation - Woody"
29,7.22400356829166,9.67,"EHI01345","Natural Terrestrial Vegetated: Woody Open (15 to 40 %)","Natural Vegetation - Woody"
30,11.8653604220599,15.89,"EHI01345","Natural Terrestrial Vegetated: Woody Sparse (4 to 15 %)","Natural Vegetation - Woody"
31,4.05730125546688,5.43,"EHI01345","Natural Terrestrial Vegetated: Woody Scattered (1 to 4 %)","Natural Vegetation - Woody"
32,11.4890442937613,15.39,"EHI01345","Natural Terrestrial Vegetated: Herbaceous Closed (greater than 65 %)","Natural Vegetation - Herbaceous"
33,10.2339697480202,13.7,"EHI01345","Natural Terrestrial Vegetated: Herbaceous Open (40 to 65 %)","Natural Vegetation - Herbaceous"
34,6.96375726722181,9.33,"EHI01345","Natural Terrestrial Vegetated: Herbaceous Open (15 to 40 %)","Natural Vegetation - Herbaceous"
34,60.7224491778725,81.31,"EHI01256","Natural Terrestrial Vegetated: Herbaceous Open (15 to 40 %)","Natural Vegetation - Herbaceous"
35,13.9536813842133,18.69,"EHI01256","Natural Terrestrial Vegetated: Herbaceous Sparse (4 to 15 %)","Natural Vegetation - Herbaceous"
