"id","radius_m","h1","pop_density_1km","annual_mean_temp","annual_precipitation","Overall_Density","devil_density_baseline"
"EHI01272",100,1,0.0128326183184981,8.27916622161865,796,52.5,0.248944158355395
"EHI02760",100,1.03306876802907,0,9.34166622161865,1564,79.857,0.210193639000257
"EHI01342",100,1.64387664886993,0.000873716780915856,17.3958340023936,254.999992013311,23.9432,NA
"EHI02846",100,3.19828646299172,0.104520842432976,11.8458337783813,599,52.50525,0.156215300162633
"EHI01253",100,2.9990132680929,0.0269408524036407,9.625,671,57.835,0.364457716544469
"EHI02796",100,1,5.58717060089111,12.4958333969116,991,80,0.282514125108719
"EHI01254",100,1,0.0128326183184981,8.27916622161865,796,52.5,0.248944158355395
"EHI02826",100,1,0.128587946295738,12.7416667938232,713,52.5,0.148132105668386
"EHI02824",100,1,0.128587946295738,12.7416667938232,713,52.5,0.148132105668386
"EHI02823",100,1.37375453682694,0.55249696969986,12.2833332304927,1011.50002415741,77.3435,0.116369560360909
"EHI02840",100,1,1.11433017253876,11.8208332197834,1377.49999740673,80,0.469344665606817
"EHI01258",100,2.9990132680929,0.0269408524036407,9.625,671,57.835,0.364457716544469
"EHI02773",100,1,5.58717060089111,12.4958333969116,991,80,0.282514125108719
"EHI02817",100,4.35042304196547,1.84072971343994,10.8208331913313,1141.00000080453,72.88325,0.369677931070328
"EHI02772",100,1,0.128587946295738,12.7416667938232,713,52.5,0.148132105668386
"EHI02806",100,4.35042304196547,1.84072971343994,10.8208331913313,1141.00000080453,72.88325,0.369677931070328
"EHI02831",100,5.4560513961331,19.042516708374,10.4458332061768,895,62.07575,0.19277235865593
"EHI01266",100,1.80979307335317,0.0225055608898401,16.0791664123535,484,12.6914,NA
"EHI01339",100,2.9990132680929,0.0269408524036407,9.625,671,57.835,0.364457716544469
"EHI02801",100,1,5.58717060089111,12.4958333969116,991,80,0.282514125108719
"EHI02812",100,1.31275107546275,0.472273260354996,12.229166318252,1025.0000539991,77.87425,0.119561774035295
"EHI02836",100,5.21620289094171,3.37257623672485,11.8541664474704,627.00000578401,32.64965,0.109422117471695
"EHI02082",100,2.38077769044909,0.342087954282761,15.3625001907349,612,23.0882,NA
"EHI02841",100,3.48087690821693,1.56636345386505,13.7,675.3,6.21875,0.147071500619253
"EHI02770",100,1.60368174569131,1.19077253341675,12.8666667938232,839,57.4665,0.19866093993187
"EHI02792",100,1.36073257188127,2.24918937683105,11.2395829622769,1113,78.0255,0.386074632406235
"EHI01341",100,1.80979307335317,0.0225055608898401,16.0791664123535,484,12.6914,NA
"EHI02098",100,2.38077769044909,0.342087954282761,15.3625001907349,612,23.0882,NA
"EHI02776",100,1.31275107546275,0.472273260354996,12.229166318252,1025.0000539991,77.87425,0.119561774035295
"EHI02769",100,1.67299993022323,0.200083449482918,12.6499996185303,716,74.21125,0.190900057554245
"EHI01389",100,2.38077769044909,0.342087954282761,15.3625001907349,612,23.0882,NA
"EHI02767",100,4.35042304196547,1.84072971343994,10.8208331913313,1141.00000080453,72.88325,0.369677931070328
"EHI02819",100,1.79752266543392,3.148766040802,12.8208332061768,1160,77.50875,0.345227360725403
"EHI02064",100,2.38077769044909,0.342087954282761,15.3625001907349,612,23.0882,NA
"EHI02811",100,1,0.643123865127563,11.3562498174373,1422.99999861554,80,0.226075142621994
"EHI01268",100,1,0.0128326183184981,8.27916622161865,796,52.5,0.248944158355395
"EHI02804",100,1.03306876802907,0,9.34166622161865,1564,79.857,0.210193639000257
"EHI02780",100,1,1.11433017253876,11.8208332197834,1377.49999740673,80,0.469344665606817
"EHI02789",100,1,1.11433017253876,11.8208332197834,1377.49999740673,80,0.469344665606817
"EHI02835",100,1.79752266543392,3.148766040802,12.8208332061768,1160,77.50875,0.345227360725403
"EHI01343",100,2.38077769044909,0.342087954282761,15.3625001907349,612,23.0882,NA
"EHI02785",100,1.89015293117981,6.09151744842529,9.91666698455811,1035,78.46,0.149951234459877
"EHI01271",100,1.64387664886993,0.000873716780915856,17.3958340023936,254.999992013311,23.9432,NA
"EHI02843",100,3.48087690821693,1.56636345386505,13.7,675.3,6.21875,0.147071500619253
"EHI02779",100,5.4560513961331,19.042516708374,10.4458332061768,895,62.07575,0.19277235865593
"EHI02822",100,1,0.643123865127563,11.3562498174373,1422.99999861554,80,0.226075142621994
"EHI02797",100,1.03306876802907,0,9.34166622161865,1564,79.857,0.210193639000257
"EHI02074",100,2.38077769044909,0.342087954282761,15.3625001907349,612,23.0882,NA
"EHI02830",100,1,1.75630557537079,11.8000001907349,1383,80,0.354327748219172
"EHI02784",100,1.60368174569131,1.19077253341675,12.8666667938232,839,57.4665,0.19866093993187
"EHI02766",100,5.4560513961331,19.042516708374,10.4458332061768,895,62.07575,0.19277235865593
"EHI02771",100,1.03306876802907,0,9.34166622161865,1564,79.857,0.210193639000257
"EHI02768",100,1.67299993022323,0.200083449482918,12.6499996185303,716,74.21125,0.190900057554245
"EHI01270",100,2.38077769044909,0.342087954282761,15.3625001907349,612,23.0882,NA
"EHI02832",100,3.19828646299172,0.104520842432976,11.8458337783813,599,52.50525,0.156215300162633
"EHI02844",100,3.48087690821693,1.56636345386505,13.7,675.3,6.21875,0.147071500619253
"EHI02829",100,1,1.65911650657654,11.8458333271606,1369.49999490875,80,0.354327748219172
"EHI01264",100,2.38077769044909,0.342087954282761,15.3625001907349,612,23.0882,NA
"EHI02837",100,1,5.58717060089111,12.4958333969116,991,80,0.282514125108719
"EHI02774",100,1,0.643123865127563,11.3562498174373,1422.99999861554,80,0.226075142621994
"EHI02845",100,3.19828646299172,0.104520842432976,11.8458337783813,599,52.50525,0.156215300162633
"EHI02775",100,1,0.643123865127563,11.3562498174373,1422.99999861554,80,0.226075142621994
"EHI01259",100,2.9990132680929,0.0269408524036407,9.625,671,57.835,0.364457716544469
"EHI01387",100,1.64387664886993,0.000873716780915856,17.3958340023936,254.999992013311,23.9432,NA
"EHI01248",100,1,0.0128326183184981,8.27916622161865,796,52.5,0.248944158355395
"EHI01257",100,1.64387664886993,0.000873716780915856,17.3958340023936,254.999992013311,23.9432,NA
"EHI02839",100,1,0.0896360352635384,12.1999998092651,1041,80,0.116369560360909
"EHI01273",100,1.64387664886993,0.000873716780915856,17.3958340023936,254.999992013311,23.9432,NA
"EHI02838",100,1.79752266543392,3.148766040802,12.8208332061768,1160,77.50875,0.345227360725403
"EHI01265",100,1,0.0128326183184981,8.27916622161865,796,52.5,0.248944158355395
"EHI01345",100,2.38077769044909,0.342087954282761,15.3625001907349,612,23.0882,NA
"EHI01256",100,1.64387664886993,0.000873716780915856,17.3958340023936,254.999992013311,23.9432,NA
"EHI01272",200,1.04103493135534,0.0128326183184981,8.27916622161865,796,52.68425,0.248944158355395
"EHI02760",200,1.53163305422748,0,9.32592283788282,1567.94875868162,75.81725,0.210193639000257
"EHI01342",200,1.99596717860982,0.000838527514133602,17.4055950210539,254.596946531489,22.70205,NA
"EHI02846",200,3.96249743613965,0.104520842432976,11.8458337783813,599,52.12525,0.156215300162633
"EHI01253",200,3.64822858854862,0.0269408524036407,9.6062315396468,673.602559835644,58.3575,0.364457716544469
"EHI02796",200,1.09912620066384,6.16722297668457,12.5233976621507,988.439189581821,79.47475,0.281302134195964
"EHI01254",200,1.04103493135534,0.0128326183184981,8.27916622161865,796,52.68425,0.248944158355395
"EHI02826",200,1.58689846826417,0.127890482544899,12.7416667938232,713,50.7395,0.148132105668386
"EHI02824",200,1.58689846826417,0.127890482544899,12.7416667938232,713,50.7395,0.148132105668386
"EHI02823",200,1.78268386567293,0.506356835365295,12.2768664335509,1013.1931529653,72.71525,0.116380393505096
"EHI02840",200,1,1.06104052066803,11.8207327576308,1377.53015221865,80,0.469344665606817
"EHI01258",200,3.64822858854862,0.0269408524036407,9.6062315396468,673.602559835644,58.3575,0.364457716544469
"EHI02773",200,1.09912620066384,6.16722297668457,12.5233976621507,988.439189581821,79.47475,0.281302134195964
"EHI02817",200,4.43117269416651,1.65808379650116,10.8227236979524,1140.85481244945,72.993,0.369677931070328
"EHI02772",200,1.58689846826417,0.127890482544899,12.7416667938232,713,50.7395,0.148132105668386
"EHI02806",200,4.43117269416651,1.65808379650116,10.8227236979524,1140.85481244945,72.993,0.369677931070328
"EHI02831",200,4.01495341602654,17.4055995941162,10.4260633237171,899.435331623071,69.90475,0.19277235865593
"EHI01266",200,1.97693555284761,0.0225055608898401,16.0775127405446,484.152646270181,13.34705,NA
"EHI01339",200,3.64822858854862,0.0269408524036407,9.6062315396468,673.602559835644,58.3575,0.364457716544469
"EHI02801",200,1.09912620066384,6.16722297668457,12.5233976621507,988.439189581821,79.47475,0.281302134195964
"EHI02812",200,1.53268514176232,0.425138086080551,12.2291661313434,1025.00010726847,75.80625,0.119561774035295
"EHI02836",200,6.69479805964965,3.22094321250916,11.8561874720931,626.70897813654,41.463,0.109422117471695
"EHI02082",200,3.56759233509298,0.342087954282761,15.3625001907349,612,23.57395,NA
"EHI02841",200,4.02695788216828,1.56636345386505,13.7,675.3,19.66,0.147071500619253
"EHI02770",200,1.44873910166987,1.32353127002716,12.8657848095516,839.423358910355,55.85225,0.197977547844251
"EHI02792",200,1.76563779953812,2.26250171661377,11.2269431821976,1113.90058256698,78.958,0.386074632406235
"EHI01341",200,1.97693555284761,0.0225055608898401,16.0775127405446,484.152646270181,13.34705,NA
"EHI02098",200,3.56759233509298,0.342087954282761,15.3625001907349,612,23.57395,NA
"EHI02776",200,1.53268514176232,0.425138086080551,12.2291661313434,1025.00010726847,75.80625,0.119561774035295
"EHI02769",200,1.62969142103096,0.23972462117672,12.6511040633364,715.915661046406,74.73375,0.182485356926918
"EHI01389",200,3.56759233509298,0.342087954282761,15.3625001907349,612,23.57395,NA
"EHI02767",200,4.43117269416651,1.65808379650116,10.8227236979524,1140.85481244945,72.993,0.369677931070328
"EHI02819",200,2.05595599577069,3.09097790718079,12.8205815958335,1160.15700724996,77.638,0.345227360725403
"EHI02064",200,3.56759233509298,0.342087954282761,15.3625001907349,612,23.57395,NA
"EHI02811",200,1,0.870204210281372,11.3562498242474,1422.99999746182,80,0.226075142621994
"EHI01268",200,1.04103493135534,0.0128326183184981,8.27916622161865,796,52.68425,0.248944158355395
"EHI02804",200,1.53163305422748,0,9.32592283788282,1567.94875868162,75.81725,0.210193639000257
"EHI02780",200,1,1.06104052066803,11.8207327576308,1377.53015221865,80,0.469344665606817
"EHI02789",200,1,1.06104052066803,11.8207327576308,1377.53015221865,80,0.469344665606817
"EHI02835",200,2.05595599577069,3.09097790718079,12.8205815958335,1160.15700724996,77.638,0.345227360725403
"EHI01343",200,3.56759233509298,0.342087954282761,15.3625001907349,612,23.57395,NA
"EHI02785",200,2.44807863800415,6.09151744842529,9.91666698455811,1035,77.2255,0.157313302159309
"EHI01271",200,1.99596717860982,0.000838527514133602,17.4055950210539,254.596946531489,22.70205,NA
"EHI02843",200,4.02695788216828,1.56636345386505,13.7,675.3,19.66,0.147071500619253
"EHI02779",200,4.01495341602654,17.4055995941162,10.4260633237171,899.435331623071,69.90475,0.19277235865593
"EHI02822",200,1,0.870204210281372,11.3562498242474,1422.99999746182,80,0.226075142621994
"EHI02797",200,1.53163305422748,0,9.32592283788282,1567.94875868162,75.81725,0.210193639000257
"EHI02074",200,3.56759233509298,0.342087954282761,15.3625001907349,612,23.57395,NA
"EHI02830",200,1.00749978800584,1.75630557537079,11.816830144807,1379.24261757148,79.4,0.354327748219172
"EHI02784",200,1.44873910166987,1.32353127002716,12.8657848095516,839.423358910355,55.85225,0.197977547844251
"EHI02766",200,4.01495341602654,17.4055995941162,10.4260633237171,899.435331623071,69.90475,0.19277235865593
"EHI02771",200,1.53163305422748,0,9.32592283788282,1567.94875868162,75.81725,0.210193639000257
"EHI02768",200,1.62969142103096,0.23972462117672,12.6511040633364,715.915661046406,74.73375,0.182485356926918
"EHI01270",200,3.56759233509298,0.342087954282761,15.3625001907349,612,23.57395,NA
"EHI02832",200,3.96249743613965,0.104520842432976,11.8458337783813,599,52.12525,0.156215300162633
"EHI02844",200,4.02695788216828,1.56636345386505,13.7,675.3,19.66,0.147071500619253
"EHI02829",200,1.10600124402471,1.6733912229538,11.845833352777,1369.49998981751,79.43075,0.354327748219172
"EHI01264",200,3.56759233509298,0.342087954282761,15.3625001907349,612,23.57395,NA
"EHI02837",200,1.09912620066384,6.16722297668457,12.5233976621507,988.439189581821,79.47475,0.281302134195964
"EHI02774",200,1,0.870204210281372,11.3562498242474,1422.99999746182,80,0.226075142621994
"EHI02845",200,3.96249743613965,0.104520842432976,11.8458337783813,599,52.12525,0.156215300162633
"EHI02775",200,1,0.870204210281372,11.3562498242474,1422.99999746182,80,0.226075142621994
"EHI01259",200,3.64822858854862,0.0269408524036407,9.6062315396468,673.602559835644,58.3575,0.364457716544469
"EHI01387",200,1.99596717860982,0.000838527514133602,17.4055950210539,254.596946531489,22.70205,NA
"EHI01248",200,1.04103493135534,0.0128326183184981,8.27916622161865,796,52.68425,0.248944158355395
"EHI01257",200,1.99596717860982,0.000838527514133602,17.4055950210539,254.596946531489,22.70205,NA
"EHI02839",200,1,0.108992129564285,12.1869813727502,1043.85154332183,80,0.116369560360909
"EHI01273",200,1.99596717860982,0.000838527514133602,17.4055950210539,254.596946531489,22.70205,NA
"EHI02838",200,2.05595599577069,3.09097790718079,12.8205815958335,1160.15700724996,77.638,0.345227360725403
"EHI01265",200,1.04103493135534,0.0128326183184981,8.27916622161865,796,52.68425,0.248944158355395
"EHI01345",200,3.56759233509298,0.342087954282761,15.3625001907349,612,23.57395,NA
"EHI01256",200,1.99596717860982,0.000838527514133602,17.4055950210539,254.596946531489,22.70205,NA
"EHI01272",400,1.46469500601038,0.01276861038059,8.22115745200117,802.1290263622,51.45385,0.250583107272784
"EHI02760",400,1.85681084790549,0,9.21604793966537,1587.9667662477,71.48325,0.210193639000257
"EHI01342",400,2.64948477956762,0.000820630113594234,17.4444731304106,252.991630771402,20.7068,NA
"EHI02846",400,5.05038788881295,0.106202989816666,11.8445132924634,599.170535950749,50.028,0.156215300162633
"EHI01253",400,4.0564858506006,0.0265283267945051,9.57067642192389,678.645224463204,62.31225,0.364457716544469
"EHI02796",400,1.62787965239096,7.92684030532837,12.6119340096338,980.151717569338,77.25025,0.280735373497009
"EHI01254",400,1.46469500601038,0.01276861038059,8.22115745200117,802.1290263622,51.45385,0.250583107272784
"EHI02826",400,3.56060470331117,0.123540736734867,12.7425577624243,712.946541832956,44.02325,0.148132105668386
"EHI02824",400,3.56060470331117,0.123540736734867,12.7425577624243,712.946541832956,44.02325,0.148132105668386
"EHI02823",400,1.87055433471963,0.483195573091507,12.2639576203613,1016.57292464783,71.99925,0.117021818955739
"EHI02840",400,1.05501393957944,0.972200632095337,11.81903080349,1378.04073601097,79.67375,0.469344665606817
"EHI01258",400,4.0564858506006,0.0265283267945051,9.57067642192389,678.645224463204,62.31225,0.364457716544469
"EHI02773",400,1.62787965239096,7.92684030532837,12.6119340096338,980.151717569338,77.25025,0.280735373497009
"EHI02817",400,4.53425300054387,1.48067784309387,10.8546327935743,1138.40419968319,75.3692,0.372737983862559
"EHI02772",400,3.56060470331117,0.123540736734867,12.7425577624243,712.946541832956,44.02325,0.148132105668386
"EHI02806",400,4.53425300054387,1.48067784309387,10.8546327935743,1138.40419968319,75.3692,0.372737983862559
"EHI02831",400,3.2459346967429,15.8920402526855,10.3858858996808,908.295861712431,72.49975,0.193619350592295
"EHI01266",400,2.46636132893045,0.0225558578968048,16.0726895683943,485.299275844474,20.235,NA
"EHI01339",400,4.0564858506006,0.0265283267945051,9.57067642192389,678.645224463204,62.31225,0.364457716544469
"EHI02801",400,1.62787965239096,7.92684030532837,12.6119340096338,980.151717569338,77.25025,0.280735373497009
"EHI02812",400,1.66521571570071,0.394590586423874,12.2342608174229,1023.73037071157,74.3075,0.119561774035295
"EHI02836",400,5.9224852771768,3.11767601966858,11.8600778075937,626.148769862308,47.2165,0.109508171677589
"EHI02082",400,5.02317330310802,0.355276644229889,15.3403079681736,613.884776616255,25.1692,NA
"EHI02841",400,3.33867640986038,1.59201312065125,13.0083332061768,707,28.5053,0.147071500619253
"EHI02770",400,1.84139747745198,1.4883531332016,12.8656777083468,840.283817877883,60.39,0.201636920372645
"EHI02792",400,2.50483761219459,2.13752102851868,11.2019422879144,1115.68189416699,79.5795,0.382932633161545
"EHI01341",400,2.46636132893045,0.0225558578968048,16.0726895683943,485.299275844474,20.235,NA
"EHI02098",400,5.02317330310802,0.355276644229889,15.3403079681736,613.884776616255,25.1692,NA
"EHI02776",400,1.66521571570071,0.394590586423874,12.2342608174229,1023.73037071157,74.3075,0.119561774035295
"EHI02769",400,1.59130297441275,0.310168147087097,12.6659133038546,714.369548728811,75.4075,0.176223302880923
"EHI01389",400,5.02317330310802,0.355276644229889,15.3403079681736,613.884776616255,25.1692,NA
"EHI02767",400,4.53425300054387,1.48067784309387,10.8546327935743,1138.40419968319,75.3692,0.372737983862559
"EHI02819",400,2.11537348186164,2.61060237884521,12.803404160676,1166.20052899793,78.6415,0.345227360725403
"EHI02064",400,5.02317330310802,0.355276644229889,15.3403079681736,613.884776616255,25.1692,NA
"EHI02811",400,1.05170388570326,1.06201899051666,11.3549174523799,1423.25340005781,80,0.223882804314295
"EHI01268",400,1.46469500601038,0.01276861038059,8.22115745200117,802.1290263622,51.45385,0.250583107272784
"EHI02804",400,1.85681084790549,0,9.21604793966537,1587.9667662477,71.48325,0.210193639000257
"EHI02780",400,1.05501393957944,0.972200632095337,11.81903080349,1378.04073601097,79.67375,0.469344665606817
"EHI02789",400,1.05501393957944,0.972200632095337,11.81903080349,1378.04073601097,79.67375,0.469344665606817
"EHI02835",400,2.11537348186164,2.61060237884521,12.803404160676,1166.20052899793,78.6415,0.345227360725403
"EHI01343",400,5.02317330310802,0.355276644229889,15.3403079681736,613.884776616255,25.1692,NA
"EHI02785",400,1.82408574473977,6.80469751358032,9.87237231035423,1042.78081416097,78.65075,0.161170641581217
"EHI01271",400,2.64948477956762,0.000820630113594234,17.4444731304106,252.991630771402,20.7068,NA
"EHI02843",400,3.33867640986038,1.59201312065125,13.0083332061768,707,28.5053,0.147071500619253
"EHI02779",400,3.2459346967429,15.8920402526855,10.3858858996808,908.295861712431,72.49975,0.193619350592295
"EHI02822",400,1.05170388570326,1.06201899051666,11.3549174523799,1423.25340005781,80,0.223882804314295
"EHI02797",400,1.85681084790549,0,9.21604793966537,1587.9667662477,71.48325,0.210193639000257
"EHI02074",400,5.02317330310802,0.355276644229889,15.3403079681736,613.884776616255,25.1692,NA
"EHI02830",400,1.11813920448914,1.74310064315796,11.8467656895972,1372.30884034289,79.7435,0.354327748219172
"EHI02784",400,1.84139747745198,1.4883531332016,12.8656777083468,840.283817877883,60.39,0.201636920372645
"EHI02766",400,3.2459346967429,15.8920402526855,10.3858858996808,908.295861712431,72.49975,0.193619350592295
"EHI02771",400,1.85681084790549,0,9.21604793966537,1587.9667662477,71.48325,0.210193639000257
"EHI02768",400,1.59130297441275,0.310168147087097,12.6659133038546,714.369548728811,75.4075,0.176223302880923
"EHI01270",400,5.02317330310802,0.355276644229889,15.3403079681736,613.884776616255,25.1692,NA
"EHI02832",400,5.05038788881295,0.106202989816666,11.8445132924634,599.170535950749,50.028,0.156215300162633
"EHI02844",400,3.33867640986038,1.59201312065125,13.0083332061768,707,28.5053,0.147071500619253
"EHI02829",400,1.09099594289377,1.68542611598969,11.8455315455912,1369.59658246309,79.42325,0.354327748219172
"EHI01264",400,5.02317330310802,0.355276644229889,15.3403079681736,613.884776616255,25.1692,NA
"EHI02837",400,1.62787965239096,7.92684030532837,12.6119340096338,980.151717569338,77.25025,0.280735373497009
"EHI02774",400,1.05170388570326,1.06201899051666,11.3549174523799,1423.25340005781,80,0.223882804314295
"EHI02845",400,5.05038788881295,0.106202989816666,11.8445132924634,599.170535950749,50.028,0.156215300162633
"EHI02775",400,1.05170388570326,1.06201899051666,11.3549174523799,1423.25340005781,80,0.223882804314295
"EHI01259",400,4.0564858506006,0.0265283267945051,9.57067642192389,678.645224463204,62.31225,0.364457716544469
"EHI01387",400,2.64948477956762,0.000820630113594234,17.4444731304106,252.991630771402,20.7068,NA
"EHI01248",400,1.46469500601038,0.01276861038059,8.22115745200117,802.1290263622,51.45385,0.250583107272784
"EHI01257",400,2.64948477956762,0.000820630113594234,17.4444731304106,252.991630771402,20.7068,NA
"EHI02839",400,1.01389911337088,0.151962146162987,12.172569551853,1045.65724996682,79.94775,0.116967973609765
"EHI01273",400,2.64948477956762,0.000820630113594234,17.4444731304106,252.991630771402,20.7068,NA
"EHI02838",400,2.11537348186164,2.61060237884521,12.803404160676,1166.20052899793,78.6415,0.345227360725403
"EHI01265",400,1.46469500601038,0.01276861038059,8.22115745200117,802.1290263622,51.45385,0.250583107272784
"EHI01345",400,5.02317330310802,0.355276644229889,15.3403079681736,613.884776616255,25.1692,NA
"EHI01256",400,2.64948477956762,0.000820630113594234,17.4444731304106,252.991630771402,20.7068,NA
